eruptionID,waiting_min,dur,labels
1090262,84.0,3.51,0
1090263,80.0,4.16,0
1090264,71.0,4.11,0
1090265,89.0,4.0,0
1090266,55.0,2.3,1
1090267,93.0,4.3,0
1090268,47.0,1.53,1
1090269,95.0,4.41,0
1090327,56.0,1.45,1
1090328,93.0,4.17,0
1090329,54.0,2.14,1
1090330,90.0,4.47,0
1090331,55.0,2.01,1
1090332,82.0,4.34,0
1090333,62.0,2.0,1
1090365,51.0,1.49,1
1090366,85.0,4.44,0
1090367,64.0,2.0,1
1090368,86.0,4.35,0
1090369,52.0,1.47,1
1090370,92.0,4.49,0
1090371,55.0,1.29,1
1090399,60.0,1.53,1
1090400,86.0,4.45,0
1090401,61.0,1.51,1
1090402,90.0,4.25,0
1090403,55.0,2.07,1
1090404,81.0,4.35,0
1090405,75.0,3.0,0
1090447,59.0,1.55,1
1090448,91.0,4.18,0
1090449,48.0,1.48,1
1090450,89.0,4.35,0
1090451,49.0,1.47,1
1090452,99.0,4.0,0
1090453,53.0,1.43,1
1090479,74.0,4.15,0
1090480,57.0,1.51,1
1090482,81.0,4.06,0
1090483,52.0,2.02,1
1090484,88.0,4.43,0
1090485,55.0,2.13,1
1090486,96.0,4.38,0
1090513,89.0,4.06,0
1090514,58.0,1.41,1
1090515,80.0,4.37,0
1090519,94.0,4.32,0
1090563,88.0,4.02,0
1090564,55.0,1.26,1
1090565,85.0,4.27,0
1090566,61.0,1.5,1
1090567,91.0,4.32,0
1090568,65.0,1.46,1
1090569,80.0,4.38,0
1090570,77.0,3.58,0
1090571,78.0,3.41,0
1090754,85.0,3.05,0
1090755,63.0,1.41,1
1090756,81.0,4.33,0
1090757,85.0,4.11,0
1090758,72.0,3.53,0
1090759,84.0,3.59,0
1090760,58.0,1.58,1
1090775,75.0,4.05,0
1090776,80.0,3.16,0
1090777,76.0,4.3,0
1090778,81.0,3.44,0
1090779,76.0,4.16,0
1090792,71.0,2.5,1
1090794,80.0,4.15,0
1090795,51.0,1.5,1
1090796,88.0,4.52,0
1090797,56.0,2.04,1
1090798,89.0,4.47,0
1090811,50.0,1.54,1
1090812,85.0,4.21,0
1090813,57.0,1.54,1
1090814,87.0,4.28,0
1090815,60.0,1.46,1
1090816,77.0,4.25,0
1090817,87.0,2.57,0
1090829,46.0,1.58,1
1090830,94.0,4.45,0
1090831,55.0,1.4,1
1090832,80.0,4.4,0
1090833,67.0,1.52,1
1090834,81.0,4.21,0
1090835,81.0,3.54,0
1090836,73.0,4.36,0
1090848,70.0,2.28,1
1090849,84.0,4.34,0
1090850,72.0,3.52,0
1090851,103.0,4.24,0
1090852,55.0,2.31,1
1090853,83.0,4.22,0
1090854,51.0,1.4,1
1090855,91.0,4.4,0
1090867,74.0,3.4,0
1090868,89.0,3.53,0
1090869,70.0,3.59,0
1090870,61.0,1.55,1
1090871,85.0,4.29,0
1090872,78.0,3.42,0
1090873,87.0,3.58,0
1090874,77.0,3.57,0
1091286,92.0,4.17,0
1091287,48.0,1.4,1
1091288,85.0,4.32,0
1091289,52.0,2.08,1
1091290,96.0,4.15,0
1091291,58.0,1.54,1
1091292,77.0,4.28,0
1091306,95.0,4.58,0
1091307,51.0,1.55,1
1091309,62.0,1.49,1
1091310,92.0,4.4,0
1091311,55.0,1.57,1
1091324,65.0,2.21,1
1091325,89.0,4.5,0
1091326,55.0,1.57,1
1091328,94.0,4.32,0
1091329,70.0,3.44,0
1091342,79.0,3.4,0
1091343,55.0,2.32,1
1091344,93.0,4.3,0
1091345,65.0,2.05,1
1091346,83.0,4.35,0
1091347,68.0,2.33,1
1091348,82.0,4.35,0
1091349,75.0,3.24,0
1091361,83.0,4.0,0
1091362,71.0,3.41,0
1091363,79.0,4.15,0
1091364,58.0,1.51,1
1091365,89.0,4.25,0
1091366,52.0,1.48,1
1091367,90.0,4.13,0
1091368,61.0,1.58,1
1091369,89.0,4.39,0
1091382,64.0,1.5,1
1091383,89.0,4.28,0
1091384,47.0,1.45,1
1091385,97.0,4.41,0
1091387,86.0,4.33,0
1091388,61.0,1.53,1
1091389,84.0,4.28,0
1091400,94.0,4.45,0
1091401,56.0,1.38,1
1091402,80.0,4.24,0
1091403,55.0,1.46,1
1091404,82.0,4.47,0
1091405,80.0,3.59,0
1091406,71.0,3.37,0
1091420,63.0,2.09,1
1091421,82.0,4.23,0
1091422,93.0,3.23,0
1091423,82.0,4.13,0
1091424,55.0,1.3,1
1091425,86.0,4.12,0
1091439,81.0,3.33,0
1091440,86.0,4.25,0
1091441,88.0,4.03,0
1091442,51.0,1.56,1
1091443,92.0,4.4,0
1091444,54.0,1.47,1
1091458,65.0,2.11,1
1091459,96.0,4.41,0
1091460,51.0,1.53,1
1091461,81.0,4.28,0
1091463,59.0,2.09,1
1091464,82.0,4.39,0
1091478,86.0,4.45,0
1091479,72.0,2.0,1
1091480,81.0,4.28,0
1091481,75.0,2.42,1
1091482,87.0,4.12,0
1091483,88.0,4.4,0
1091484,80.0,2.37,1
1091495,76.0,4.09,0
1091496,77.0,1.48,1
1091497,78.0,4.33,0
1091498,76.0,4.24,0
1091499,83.0,4.15,0
1091500,55.0,1.44,1
1091501,89.0,4.28,0
1091502,53.0,1.49,1
1091514,50.0,2.12,1
1091515,93.0,4.23,0
1091516,62.0,1.42,1
1091517,84.0,4.39,0
1091518,83.0,3.47,0
1091519,56.0,1.49,1
1091520,87.0,4.21,0
1091521,60.0,1.54,1
1091534,61.0,2.02,1
1091535,112.0,3.42,0
1091536,46.0,1.52,1
1091537,94.0,4.41,0
1091538,59.0,1.53,1
1091539,92.0,4.19,0
1091540,71.0,3.47,0
1091553,52.0,1.39,1
1091554,95.0,4.05,0
1091555,52.0,1.52,1
1091556,88.0,4.21,0
1091557,54.0,1.46,1
1091558,86.0,4.1,0
1091559,56.0,1.31,1
1091560,77.0,4.25,0
1092340,57.0,1.44,1
1092342,63.0,1.28,1
1092343,87.0,4.14,0
1092344,51.0,2.0,1
1092345,88.0,4.41,0
1092346,58.0,2.04,1
1092359,56.0,1.44,1
1092360,83.0,4.33,0
1092361,54.0,1.54,1
1092362,88.0,4.33,0
1092363,50.0,2.08,1
1092364,84.0,4.39,0
1092365,63.0,2.41,1
1092366,82.0,4.47,0
1092368,108.0,4.4,0
1092379,52.0,1.43,1
1092380,90.0,4.19,0
1092381,58.0,1.43,1
1092382,86.0,4.29,0
1092383,52.0,1.55,1
1092384,82.0,4.43,0
1092385,64.0,2.04,1
1092386,80.0,3.59,0
1092387,56.0,1.59,1
1092399,55.0,1.58,1
1092400,93.0,4.41,0
1092401,58.0,2.04,1
1092402,92.0,4.35,0
1092403,56.0,1.43,1
1092404,88.0,4.07,0
1092405,49.0,2.1,1
1092406,87.0,4.38,0
1092407,74.0,2.37,1
1092409,52.0,1.43,1
1092420,46.0,1.58,1
1092421,88.0,4.36,0
1092422,53.0,1.41,1
1092423,90.0,4.26,0
1092424,83.0,4.05,0
1092425,89.0,4.07,0
1092426,55.0,1.48,1
1092438,89.0,1.45,1
1092439,85.0,4.53,0
1092440,52.0,2.03,1
1092441,90.0,4.31,0
1092442,61.0,1.59,1
1092443,89.0,4.31,0
1092444,59.0,1.42,1
1092446,70.0,2.0,1
1092457,81.0,4.37,0
1092458,59.0,2.12,1
1092459,86.0,4.36,0
1092460,62.0,2.15,1
1092461,94.0,4.41,0
1092462,64.0,2.05,1
1092463,78.0,4.27,0
1092464,64.0,2.06,1
1092465,81.0,4.21,0
1092476,52.0,1.59,1
1092477,85.0,4.15,0
1092478,78.0,3.46,0
1092479,58.0,2.1,1
1092480,88.0,4.5,0
1092481,53.0,1.4,1
1092482,92.0,4.44,0
1092483,53.0,1.49,1
1092484,88.0,4.39,0
1092495,85.0,4.11,0
1092496,74.0,1.47,1
1092497,95.0,4.48,0
1092498,47.0,1.45,1
1092499,90.0,4.35,0
1092500,52.0,1.36,1
1092501,94.0,4.36,0
1092513,78.0,4.08,0
1092514,73.0,1.44,1
1092515,84.0,4.49,0
1092516,87.0,4.06,0
1092517,86.0,4.24,0
1092518,79.0,4.34,0
1092519,62.0,1.52,1
1092520,84.0,4.47,0
1092531,49.0,1.4,1
1092532,95.0,4.47,0
1092533,56.0,1.48,1
1092534,85.0,4.4,0
1092535,69.0,1.57,1
1092536,90.0,4.45,0
1092537,53.0,2.04,1
1092539,54.0,1.55,1
1092550,62.0,1.4,1
1092551,91.0,4.38,0
1092552,63.0,1.48,1
1092553,82.0,4.13,0
1092554,86.0,3.57,0
1092555,66.0,2.06,1
1092556,79.0,4.24,0
1092557,63.0,1.48,1
1092569,84.0,4.21,0
1092570,63.0,1.46,1
1092571,78.0,4.38,0
1092572,83.0,4.03,0
1092573,55.0,1.49,1
1092574,86.0,4.37,0
1092575,77.0,1.57,1
1092589,88.0,4.34,0
1092590,82.0,4.09,0
1092591,78.0,4.3,0
1092592,62.0,2.16,1
1092593,94.0,4.34,0
1092594,52.0,1.53,1
1092595,83.0,4.05,0
1092607,66.0,2.12,1
1092608,91.0,4.55,0
1092609,76.0,4.2,0
1092610,81.0,3.52,0
1092611,82.0,4.29,0
1092612,52.0,2.0,1
1092613,89.0,5.06,0
1092614,55.0,2.1,1
1092626,61.0,1.17,1
1092627,98.0,4.44,0
1092628,85.0,4.35,0
1092629,77.0,4.27,0
1092630,75.0,3.53,0
1092631,77.0,4.06,0
1092632,61.0,2.02,1
1092633,93.0,4.48,0
1092645,58.0,1.56,1
1092646,79.0,4.3,0
1092647,69.0,2.0,1
1092648,80.0,4.08,0
1092649,55.0,1.57,1
1092650,90.0,4.43,0
1092651,54.0,1.57,1
1092652,95.0,4.34,0
1092664,75.0,3.43,0
1092665,61.0,2.2,1
1092666,103.0,4.24,0
1092667,60.0,1.59,1
1092668,85.0,4.21,0
1092669,54.0,2.07,1
1092670,85.0,4.05,0
1092683,60.0,1.56,1
1092684,84.0,4.49,0
1092685,65.0,2.0,1
1092686,82.0,4.04,0
1092687,80.0,3.5,0
1092688,76.0,3.53,0
1092699,77.0,4.3,0
1092700,91.0,3.58,0
1092701,74.0,4.02,0
1092702,86.0,4.0,0
1092703,49.0,1.51,1
1092704,99.0,4.19,0
1092705,51.0,1.5,1
1092720,57.0,1.44,1
1092721,91.0,4.44,0
1092722,58.0,1.57,1
1092723,89.0,4.44,0
1092724,62.0,1.47,1
1092725,86.0,4.51,0
1092726,69.0,1.52,1
1092738,97.0,4.5,0
1092739,55.0,2.08,1
1092740,97.0,5.01,0
1092741,58.0,1.52,1
1092742,83.0,4.56,0
1092743,63.0,1.54,1
1092744,80.0,4.34,0
1092745,93.0,4.02,0
1092748,85.0,4.24,0
1092749,67.0,1.49,1
1092750,91.0,4.4,0
1092751,54.0,1.3,1
1092752,88.0,4.25,0
1092753,78.0,3.56,0
1092754,56.0,1.45,1
1092768,63.0,1.48,1
1092770,90.0,4.04,0
1092771,83.0,4.3,0
1092773,81.0,4.1,0
1092785,94.0,4.48,0
1092786,80.0,4.0,0
1092787,55.0,1.3,1
1092788,89.0,4.42,0
1092789,53.0,1.55,1
1092790,93.0,4.35,0
1092791,52.0,1.52,1
1092792,96.0,4.36,0
1092793,56.0,1.49,1
1092805,87.0,4.38,0
1092806,57.0,1.49,1
1092807,95.0,4.38,0
1092808,59.0,1.54,1
1092809,94.0,4.18,0
1092810,62.0,1.54,1
1092811,95.0,4.45,0
1092812,51.0,1.51,1
1092824,82.0,4.09,0
1092825,79.0,4.08,0
1092826,73.0,4.0,0
1092827,89.0,3.53,0
1092828,81.0,3.58,0
1092829,78.0,4.17,0
1092843,63.0,2.49,1
1092844,87.0,4.25,0
1092845,77.0,3.41,0
1092846,85.0,4.02,0
1092847,63.0,2.0,1
1092848,91.0,4.3,0
1092849,58.0,2.03,1
1092850,80.0,4.34,0
1093327,60.0,1.46,1
1093328,98.0,4.25,0
1093329,57.0,1.54,1
1093330,86.0,4.07,0
1093331,57.0,2.05,1
1093332,84.0,4.19,0
1093333,59.0,1.5,1
1093334,81.0,4.29,0
1093346,87.0,3.48,0
1093347,53.0,2.07,1
1093348,85.0,4.24,0
1093349,71.0,2.02,1
1093350,91.0,4.56,0
1093351,69.0,2.09,1
1093366,94.0,4.22,0
1093367,53.0,2.15,1
1093368,89.0,3.55,0
1093369,63.0,1.53,1
1093370,87.0,4.38,0
1093371,48.0,1.38,1
1093384,88.0,4.29,0
1093385,72.0,3.42,0
1093386,79.0,4.0,0
1093387,88.0,3.4,0
1093388,94.0,4.26,0
1093389,57.0,2.39,1
1093390,103.0,4.34,0
1093391,67.0,2.39,1
1093402,53.0,1.49,1
1093403,94.0,4.33,0
1093404,78.0,4.06,0
1093405,65.0,2.03,1
1093406,79.0,4.34,0
1093407,75.0,3.5,0
1093408,75.0,3.57,0
1093410,82.0,4.31,0
1093411,60.0,1.58,1
1093412,97.0,4.27,0
1093413,75.0,3.36,0
1093414,50.0,1.45,1
1093415,90.0,4.12,0
1093418,87.0,4.39,0
1093419,58.0,2.04,1
1093420,94.0,4.22,0
1093421,81.0,3.53,0
1093422,66.0,2.03,1
1093423,90.0,4.3,0
1093427,78.0,2.42,1
1093428,87.0,4.09,0
1093429,53.0,1.41,1
1093430,90.0,4.23,0
1093431,72.0,3.5,0
1093432,87.0,3.59,0
1093435,57.0,1.5,1
1093436,83.0,4.37,0
1093437,61.0,1.4,1
1093438,90.0,4.46,0
1093439,64.0,1.53,1
1093442,67.0,1.51,1
1093443,99.0,4.25,0
1093444,82.0,4.18,0
1093445,63.0,2.02,1
1093446,86.0,4.31,0
1093447,51.0,1.44,1
1093448,91.0,4.38,0
1093450,54.0,2.0,1
1093451,87.0,4.35,0
1093452,48.0,2.01,1
1093453,94.0,4.49,0
1093454,54.0,1.48,1
1093455,85.0,4.4,0
1093456,63.0,1.54,1
1093457,83.0,4.22,0
1093458,67.0,1.53,1
1093461,55.0,1.47,1
1093462,88.0,4.28,0
1093463,58.0,2.08,1
1093464,96.0,4.29,0
1093465,73.0,1.49,1
1093466,74.0,4.32,0
1093467,67.0,1.53,1
1093471,52.0,1.52,1
1093472,94.0,4.21,0
1093473,56.0,1.52,1
1093474,97.0,4.5,0
1093475,46.0,1.58,1
1093476,96.0,4.43,0
1093477,51.0,1.46,1
1093478,90.0,4.35,0
1093480,91.0,3.01,0
1093481,71.0,4.1,0
1093483,58.0,1.52,1
1093484,89.0,4.28,0
1093485,60.0,1.53,1
1093488,76.0,3.23,0
1093489,85.0,4.16,0
1093490,99.0,4.1,0
1093491,80.0,4.13,0
1093497,105.0,4.34,0
1093498,56.0,1.51,1
1093499,84.0,4.09,0
1093500,66.0,1.47,1
1093501,90.0,4.44,0
1093504,59.0,2.21,1
1093505,82.0,4.29,0
1093506,84.0,3.28,0
1093507,77.0,4.26,0
1093508,65.0,1.38,1
1093509,89.0,4.19,0
1093512,89.0,4.32,0
1093513,56.0,1.23,1
1093514,84.0,4.08,0
1093515,53.0,1.51,1
1093516,96.0,4.35,0
1093518,60.0,1.59,1
1093519,88.0,4.33,0
1093520,51.0,1.43,1
1093521,99.0,4.34,0
1093522,57.0,2.09,1
1093525,80.0,4.27,0
1093526,55.0,1.39,1
1093527,90.0,4.41,0
1093528,65.0,1.12,1
1093530,92.0,4.23,0
1093531,77.0,3.47,0
1093532,86.0,4.13,0
1093533,85.0,4.22,0
1093534,81.0,4.28,0
1094255,63.0,1.57,1
1094256,86.0,4.27,0
1094257,56.0,2.09,1
1094258,86.0,4.26,0
1094259,79.0,3.43,0
1094260,85.0,3.5,0
1094262,82.0,4.15,0
1094263,89.0,3.58,0
1094264,82.0,4.15,0
1094265,90.0,4.02,0
1094266,92.0,4.16,0
1094268,78.0,4.0,0
1094269,71.0,2.25,1
1094270,84.0,4.36,0
1094271,77.0,3.55,0
1094272,81.0,3.39,0
1094273,78.0,4.08,0
1094275,54.0,1.54,1
1094276,92.0,4.28,0
1094277,56.0,1.5,1
1094278,83.0,4.28,0
1094281,54.0,2.03,1
1094282,90.0,4.2,0
1094283,60.0,1.56,1
1094284,95.0,4.24,0
1094285,56.0,2.03,1
1094286,90.0,4.3,0
1094288,53.0,2.1,1
1094289,82.0,4.37,0
1094290,75.0,1.58,1
1094291,82.0,4.48,0
1094292,60.0,2.34,1
1094293,102.0,4.21,0
1094295,73.0,3.53,0
1094296,88.0,4.14,0
1094297,80.0,4.08,0
1094298,62.0,1.55,1
1094299,100.0,4.44,0
1094300,78.0,4.1,0
1094302,86.0,4.33,0
1094303,80.0,3.49,0
1094304,87.0,4.07,0
1094305,82.0,3.58,0
1094306,76.0,3.54,0
1094307,77.0,4.09,0
1094309,56.0,1.54,1
1094310,90.0,4.38,0
1094311,58.0,1.43,1
1094312,90.0,4.31,0
1094313,54.0,2.03,1
1094314,94.0,4.4,0
1094316,73.0,3.3,0
1094317,78.0,3.37,0
1094318,77.0,4.15,0
1094319,77.0,3.53,0
1094320,74.0,3.4,0
1094321,77.0,3.58,0
1094326,70.0,3.54,0
1094327,90.0,4.08,0
1094328,57.0,1.45,1
1094329,82.0,4.25,0
1094330,76.0,3.25,0
1094331,75.0,4.1,0
1094333,82.0,4.38,0
1094334,78.0,3.49,0
1094335,93.0,3.24,0
1094336,93.0,4.18,0
1094337,51.0,1.43,1
1094338,88.0,4.32,0
1094342,74.0,3.53,0
1094343,85.0,3.53,0
1094344,77.0,3.34,0
1094345,74.0,4.05,0
1094347,91.0,4.1,0
1094348,86.0,3.49,0
1094349,76.0,3.58,0
1094350,91.0,4.03,0
1094351,78.0,3.54,0
1094352,85.0,4.14,0
1094355,92.0,4.31,0
1094356,64.0,1.45,1
1094357,92.0,4.24,0
1094358,47.0,1.54,1
1094359,95.0,4.43,0
1094360,56.0,2.04,1
1096286,96.0,4.21,0
1096287,51.0,1.52,1
1096288,90.0,4.32,0
1096289,49.0,1.44,1
1096290,89.0,4.35,0
1096291,53.0,1.44,1
1096294,87.0,4.34,0
1096295,53.0,1.58,1
1096296,100.0,4.24,0
1096297,54.0,2.02,1
1096298,93.0,4.34,0
1096299,63.0,1.43,1
1096301,75.0,4.06,0
1096302,76.0,2.51,1
1096303,84.0,4.21,0
1096304,78.0,3.47,0
1096305,90.0,4.01,0
1096306,48.0,1.53,1
1096307,93.0,4.45,0
1096309,51.0,1.44,1
1096310,86.0,4.35,0
1096311,53.0,1.53,1
1096312,94.0,4.31,0
1096313,49.0,1.57,1
1096314,83.0,4.22,0
1096316,57.0,1.54,1
1096317,91.0,4.48,0
1096318,56.0,1.45,1
1096319,91.0,4.44,0
1096320,55.0,1.42,1
1096321,86.0,4.48,0
1096324,86.0,4.2,0
1096325,51.0,1.57,1
1096326,96.0,4.28,0
1096327,55.0,1.43,1
1096328,93.0,4.36,0
1096329,55.0,1.51,1
1096330,97.0,4.45,0
1096331,49.0,1.5,1
1096333,88.0,4.0,0
1096334,52.0,1.52,1
1096335,94.0,4.45,0
1096336,59.0,1.44,1
1096337,90.0,4.48,0
1096338,62.0,2.0,1
1096339,96.0,4.37,0
1096341,66.0,2.05,1
1096342,93.0,4.24,0
1096343,61.0,2.01,1
1096344,93.0,4.28,0
1096345,70.0,1.38,1
1096347,83.0,4.35,0
1096348,66.0,2.17,1
1096349,97.0,4.26,0
1096350,57.0,1.52,1
1096351,97.0,4.21,0
1096352,53.0,1.49,1
1096355,60.0,1.55,1
1096356,81.0,4.29,0
1096357,92.0,3.43,0
1096358,82.0,4.15,0
1096359,60.0,1.43,1
1096362,49.0,1.43,1
1096363,87.0,4.34,0
1096364,69.0,2.39,1
1096365,77.0,4.22,0
1096366,86.0,4.12,0
1096367,54.0,2.11,1
1096369,96.0,4.46,0
1096370,44.0,2.0,1
1096371,93.0,4.3,0
1096372,63.0,1.56,1
1096373,84.0,4.35,0
1096376,93.0,4.29,0
1096377,59.0,1.49,1
1096378,98.0,4.25,0
1096379,70.0,3.45,0
1096380,60.0,2.04,1
1096381,94.0,4.43,0
1096384,84.0,4.43,0
1096385,58.0,1.47,1
1096386,83.0,4.28,0
1096387,80.0,3.51,0
1096388,95.0,4.11,0
1096389,92.0,4.07,0
1096392,82.0,3.53,0
1096393,78.0,4.08,0
1096394,73.0,3.52,0
1096395,87.0,3.48,0
1096396,82.0,4.26,0
1096397,54.0,1.49,1
1096401,78.0,4.28,0
1096402,84.0,4.03,0
1096403,61.0,2.19,1
1096404,82.0,4.26,0
1096405,85.0,3.42,0
1096406,86.0,4.01,0
1096408,78.0,4.05,0
1096409,91.0,3.48,0
1096410,88.0,4.16,0
1096411,75.0,4.17,0
1096412,55.0,1.5,1
1096413,88.0,4.27,0
1096415,91.0,4.45,0
1096416,55.0,1.4,1
1096417,81.0,4.26,0
1096418,66.0,2.21,1
1096419,89.0,4.51,0
1096420,63.0,2.01,1
1096423,78.0,4.02,0
1096424,79.0,4.31,0
1096425,77.0,3.34,0
1096426,80.0,4.25,0
1096427,63.0,1.22,1
1096428,89.0,4.44,0
1096431,91.0,4.24,0
1096432,66.0,1.54,1
1096433,89.0,4.38,0
1096434,61.0,2.0,1
1096435,94.0,4.38,0
1096438,54.0,1.57,1
1096439,91.0,4.36,0
1096440,72.0,3.37,0
1096441,88.0,4.01,0
1096442,57.0,2.06,1
1096445,69.0,2.3,1
1096446,83.0,4.18,0
1096447,54.0,1.5,1
1096448,95.0,4.48,0
1096449,54.0,1.54,1
1096450,84.0,4.3,0
1096451,79.0,3.2,0
1096453,68.0,3.2,0
1096455,77.0,4.1,0
1096456,56.0,2.14,1
1096457,89.0,4.13,0
1096458,80.0,4.03,0
1096459,93.0,4.07,0
1096460,89.0,4.16,0
1096465,55.0,1.45,1
1096466,85.0,4.53,0
1096467,68.0,2.07,1
1096468,91.0,4.38,0
1096469,77.0,3.34,0
1096470,53.0,1.49,1
1096472,99.0,4.28,0
1096473,84.0,4.22,0
1096474,91.0,4.11,0
1096475,87.0,4.16,0
1096476,58.0,2.01,1
1096477,93.0,4.35,0
1096478,57.0,2.34,1
1096481,94.0,4.43,0
1096482,83.0,4.08,0
1096483,59.0,1.53,1
1096484,96.0,4.37,0
1096485,91.0,4.07,0
1096486,86.0,4.13,0
1096492,47.0,1.44,1
1096493,101.0,4.17,0
1096494,85.0,4.3,0
1096495,62.0,2.03,1
1096496,91.0,4.55,0
1096497,64.0,1.51,1
1096498,96.0,4.28,0
1096499,50.0,1.43,1
1096501,87.0,4.14,0
1096502,85.0,5.04,0
1096504,52.0,1.57,1
1096505,96.0,4.24,0
1096506,45.0,1.51,1
1096507,88.0,4.34,0
1096511,82.0,4.23,0
1096512,64.0,1.56,1
1096513,93.0,4.28,0
1096514,60.0,2.02,1
1096515,97.0,4.4,0
1096516,82.0,3.5,0
1096521,49.0,1.39,1
1096522,88.0,4.03,0
1096523,51.0,1.59,1
1096524,90.0,4.49,0
1096525,53.0,1.4,1
1096526,88.0,4.28,0
1096527,45.0,1.56,1
1096533,84.0,4.36,0
1096534,57.0,2.04,1
1096535,96.0,4.21,0
1096537,110.0,4.2,0
1096538,57.0,4.15,0
1099056,84.0,4.52,0
1099057,65.0,2.59,1
1099058,92.0,4.43,0
1099059,71.0,2.16,1
1099060,91.0,4.38,0
1099061,64.0,1.48,1
1099063,89.0,4.17,0
1099064,56.0,2.25,1
1099065,99.0,4.53,0
1099066,81.0,3.36,0
1099067,76.0,4.25,0
1099069,53.0,1.42,1
1099071,84.0,4.09,0
1099072,56.0,2.09,1
1099073,84.0,5.04,0
1099074,62.0,1.54,1
1099075,105.0,4.42,0
1099076,50.0,1.59,1
1099077,87.0,4.44,0
1099080,76.0,4.05,0
1099081,85.0,4.05,0
1099082,82.0,3.44,0
1099083,83.0,4.15,0
1099084,91.0,4.08,0
1099086,75.0,3.32,0
1099087,95.0,4.03,0
1099088,75.0,4.12,0
1099089,91.0,4.1,0
1099090,95.0,3.43,0
1099094,86.0,4.42,0
1099095,74.0,3.15,0
1099096,92.0,4.26,0
1099097,86.0,3.56,0
1099098,78.0,3.58,0
1099099,56.0,1.47,1
1099100,96.0,4.32,0
1099102,96.0,4.12,0
1099103,82.0,3.27,0
1099104,88.0,4.34,0
1099105,85.0,3.35,0
1099106,80.0,4.25,0
1099107,58.0,1.58,1
1099108,97.0,4.4,0
1099109,93.0,3.39,0
1099110,82.0,4.03,0
1099113,64.0,1.47,1
1099114,95.0,4.58,0
1099115,65.0,1.54,1
1099116,83.0,4.38,0
1099117,89.0,3.59,0
1099118,85.0,4.16,0
1099119,53.0,1.5,1
1099120,92.0,5.11,0
1099121,51.0,2.04,1
1099122,98.0,4.14,0
1099124,62.0,2.03,1
1099125,86.0,4.3,0
1099126,64.0,2.07,1
1099127,90.0,4.21,0
1099128,63.0,1.45,1
1099129,84.0,4.35,0
1099130,81.0,4.12,0
1099131,74.0,3.51,0
1099132,58.0,2.32,1
1099134,58.0,2.04,1
1099135,88.0,4.45,0
1099136,70.0,2.02,1
1099137,85.0,4.3,0
1099138,63.0,1.44,1
1099139,92.0,4.3,0
1099140,60.0,1.57,1
1099141,86.0,4.21,0
1099142,51.0,1.5,1
1099144,90.0,4.53,0
1099145,60.0,1.44,1
1099146,88.0,4.3,0
1099147,71.0,2.32,1
1099148,90.0,4.32,0
1099149,57.0,2.06,1
1099150,96.0,4.3,0
1099151,81.0,4.01,0
1099152,86.0,4.28,0
1099155,68.0,2.0,1
1099156,94.0,4.26,0
1099157,66.0,2.02,1
1099158,97.0,4.34,0
1099159,58.0,1.52,1
1099160,85.0,4.17,0
1099161,66.0,2.15,1
1099162,86.0,4.25,0
1099163,75.0,2.11,1
1099164,80.0,4.28,0
1099167,63.0,1.56,1
1099168,91.0,4.26,0
1099169,60.0,2.07,1
1099170,90.0,4.28,0
1099171,58.0,2.25,1
1099172,85.0,4.4,0
1099173,58.0,1.28,1
1099174,89.0,4.4,0
1099175,49.0,1.43,1
1099176,97.0,4.37,0
1099177,61.0,1.47,1
1099178,71.0,4.36,0
1099180,57.0,2.17,1
1099181,92.0,4.2,0
1099182,90.0,4.05,0
1099183,80.0,4.1,0
1099184,69.0,2.22,1
1099185,86.0,5.0,0
1099186,70.0,2.36,1
1099187,83.0,4.16,0
1099188,83.0,3.48,0
1099190,87.0,4.18,0
1099191,79.0,3.58,0
1099192,83.0,4.2,0
1099193,81.0,3.49,0
1099194,53.0,1.57,1
1099196,90.0,4.45,0
1099197,60.0,1.43,1
1099198,91.0,4.35,0
1099204,67.0,2.39,1
1099205,81.0,4.45,0
1099206,86.0,4.05,0
1099207,84.0,4.07,0
1099208,50.0,1.45,1
1099209,93.0,4.34,0
1099210,54.0,1.48,1
1099211,105.0,4.4,0
1099212,51.0,2.03,1
1099216,80.0,3.52,0
1099217,91.0,4.16,0
1099218,53.0,1.55,1
1099219,84.0,4.4,0
1099220,85.0,3.55,0
1099221,89.0,3.59,0
1099222,89.0,4.31,0
1099223,87.0,4.19,0
1099224,58.0,1.52,1
1099225,80.0,4.27,0
1099229,92.0,4.0,0
1099230,94.0,4.15,0
1099231,79.0,4.12,0
1099232,59.0,2.01,1
1099233,82.0,4.16,0
1099234,76.0,4.11,0
1099235,76.0,3.57,0
1099236,75.0,3.15,0
1099237,53.0,1.51,1
1099238,85.0,4.28,0
1099239,70.0,2.07,1
1099241,68.0,2.23,1
1099243,58.0,3.45,0
1099244,84.0,4.3,0
1099245,57.0,1.38,1
1099246,89.0,4.23,0
1099247,59.0,1.52,1
1099248,85.0,4.24,0
1099249,82.0,3.38,0
1099250,80.0,3.51,0
1099251,86.0,4.1,0
1099252,83.0,4.03,0
1099253,59.0,1.53,1
1099257,80.0,4.07,0
1099258,81.0,3.47,0
1099259,70.0,1.48,1
1099260,85.0,4.3,0
1099261,79.0,3.54,0
1099262,87.0,4.17,0
1099263,75.0,3.56,0
1099264,86.0,4.08,0
1099265,57.0,1.47,1
1099268,78.0,4.22,0
1099269,100.0,3.13,0
1099270,78.0,4.25,0
1099271,79.0,3.43,0
1099272,72.0,4.17,0
1099273,92.0,1.38,1
1099274,56.0,4.06,0
1099275,87.0,2.11,1
1099276,73.0,4.15,0
1099277,83.0,3.59,0
1099278,90.0,4.13,0
1099283,80.0,4.05,0
1099284,76.0,4.0,0
1099285,75.0,3.59,0
1099286,85.0,3.3,0
1099287,87.0,4.29,0
1099288,55.0,1.45,1
1099289,94.0,4.44,0
1099290,57.0,2.08,1
1099291,96.0,4.53,0
1099299,83.0,4.05,0
1099300,88.0,4.11,0
1099301,84.0,4.15,0
1099302,68.0,2.15,1
1099303,102.0,4.47,0
1099304,59.0,1.54,1
1099305,94.0,4.31,0
1099306,52.0,2.01,1
1099307,86.0,4.35,0
1099317,84.0,3.48,0
1099318,84.0,4.31,0
1099319,62.0,1.46,1
1099320,89.0,4.55,0
1099321,68.0,1.55,1
1099322,99.0,4.44,0
1099323,45.0,1.56,1
1099324,92.0,4.24,0
1099325,56.0,1.58,1
1099326,89.0,4.25,0
1099335,54.0,1.4,1
1099336,90.0,4.0,0
1099337,86.0,3.18,0
1099338,87.0,4.15,0
1099339,83.0,4.14,0
1099340,57.0,1.5,1
1099341,96.0,4.31,0
1099342,47.0,1.47,1
1099343,105.0,4.26,0
1099344,55.0,1.42,1
1099345,85.0,4.18,0
1099355,82.0,4.3,0
1099356,78.0,4.25,0
1099357,102.0,4.13,0
1099358,45.0,1.54,1
1099359,87.0,4.27,0
1099360,87.0,3.49,0
1099361,76.0,4.08,0
1099362,61.0,1.45,1
1099363,96.0,4.4,0
1099364,76.0,3.51,0
1099373,97.0,4.2,0
1099374,60.0,2.01,1
1099375,89.0,4.35,0
1099376,70.0,2.5,1
1099377,88.0,4.23,0
1099378,52.0,2.0,1
1099379,86.0,4.35,0
1099380,57.0,1.4,1
1099381,92.0,4.38,0
1099382,52.0,1.49,1
1099383,84.0,4.54,0
1099392,82.0,3.57,0
1099393,77.0,3.51,0
1099394,90.0,4.17,0
1099395,87.0,3.59,0
1099396,88.0,4.4,0
1099397,52.0,1.42,1
1099398,91.0,4.26,0
1099399,57.0,1.53,1
1099400,84.0,4.45,0
1099409,97.0,4.0,0
1099410,66.0,1.51,1
1099411,75.0,4.29,0
1099412,59.0,1.56,1
1099413,93.0,4.16,0
1099414,83.0,4.04,0
1099415,63.0,1.57,1
1099416,81.0,4.53,0
1099417,77.0,3.5,0
1099418,76.0,3.59,0
1099430,78.0,3.28,0
1099431,52.0,2.0,1
1099432,98.0,4.42,0
1099434,94.0,4.44,0
1099435,51.0,1.5,1
1099436,88.0,4.23,0
1099437,56.0,1.58,1
1099438,96.0,4.48,0
1099439,63.0,1.5,1
1102678,82.0,4.35,0
1102680,81.0,2.0,1
1102681,70.0,4.26,0
1102682,90.0,4.17,0
1102683,75.0,1.44,1
1102684,57.0,4.4,0
1102685,102.0,1.57,1
1102686,71.0,4.36,0
1102687,92.0,1.52,1
1102688,51.0,4.38,0
1102689,87.0,2.04,1
1102693,86.0,3.59,0
1102694,59.0,2.01,1
1102695,84.0,4.32,0
1102696,79.0,3.42,0
1102697,88.0,4.23,0
1102698,56.0,1.56,1
1102699,97.0,4.39,0
1102700,53.0,1.41,1
1102701,104.0,4.23,0
1102702,81.0,4.07,0
1102705,90.0,4.26,0
1102706,80.0,4.13,0
1102707,71.0,3.01,0
1102708,93.0,4.25,0
1102709,51.0,1.45,1
1102710,101.0,4.27,0
1102711,81.0,3.55,0
1102712,49.0,2.17,1
1102713,90.0,4.3,0
1102714,51.0,1.43,1
1102715,86.0,4.41,0
1102719,88.0,4.11,0
1102720,82.0,4.28,0
1102721,55.0,1.5,1
1102722,86.0,4.35,0
1102723,79.0,3.41,0
1102724,83.0,4.1,0
1102725,83.0,3.12,0
1102726,85.0,4.34,0
1102729,59.0,1.5,1
1102730,85.0,4.22,0
1102731,57.0,2.2,1
1102732,92.0,4.12,0
1102733,62.0,1.44,1
1102734,86.0,4.31,0
1102735,50.0,1.55,1
1102736,93.0,4.52,0
1102737,65.0,2.28,1
1102738,98.0,4.42,0
1102741,90.0,4.3,0
1102742,80.0,4.0,0
1102743,87.0,4.0,0
1102744,76.0,3.58,0
1102745,73.0,3.2,0
1102746,80.0,4.25,0
1102747,79.0,3.36,0
1102748,65.0,1.51,1
1102749,100.0,4.19,0
1102753,94.0,3.04,0
1102754,78.0,3.51,0
1102755,83.0,4.17,0
1102756,49.0,1.43,1
1102757,103.0,4.55,0
1102758,64.0,1.54,1
1102759,80.0,4.26,0
1102760,55.0,1.48,1
1102761,100.0,4.22,0
1102762,83.0,4.1,0
1102765,84.0,4.2,0
1102766,75.0,3.3,0
1102767,82.0,4.1,0
1102768,77.0,3.52,0
1102769,74.0,4.06,0
1102770,81.0,3.39,0
1102771,70.0,2.46,1
1102772,100.0,4.43,0
1102773,55.0,1.46,1
1102774,88.0,4.39,0
1102776,80.0,3.59,0
1102777,59.0,2.16,1
1102778,95.0,4.22,0
1102779,56.0,1.57,1
1102780,88.0,4.43,0
1102781,77.0,3.44,0
1102782,88.0,4.23,0
1102783,65.0,1.58,1
1102784,80.0,4.27,0
1102785,52.0,1.44,1
1102786,98.0,4.32,0
1102790,95.0,4.2,0
1102791,43.0,1.44,1
1102792,96.0,4.3,0
1102793,60.0,1.43,1
1102794,101.0,4.41,0
1102795,43.0,1.5,1
1102796,82.0,4.27,0
1102797,55.0,1.42,1
1102798,89.0,4.18,0
1102799,81.0,3.44,0
1102802,75.0,3.49,0
1102803,59.0,1.48,1
1102804,89.0,4.42,0
1102805,54.0,1.41,1
1102806,86.0,4.28,0
1102807,68.0,2.02,1
1102808,88.0,4.24,0
1102809,57.0,1.59,1
1102810,94.0,4.3,0
1102811,70.0,1.48,1
1102814,88.0,3.43,0
1102815,85.0,4.12,0
1102816,56.0,1.42,1
1102817,87.0,4.25,0
1102818,59.0,1.41,1
1102819,89.0,4.44,0
1102820,77.0,3.32,0
1102821,86.0,3.57,0
1102822,85.0,4.04,0
1102824,65.0,2.01,1
1102825,89.0,4.27,0
1102826,63.0,2.36,1
1102827,86.0,4.26,0
1102828,58.0,1.52,1
1102829,95.0,4.3,0
1102830,60.0,1.57,1
1102831,86.0,4.34,0
1102832,61.0,1.5,1
1102833,90.0,4.28,0
1102834,53.0,1.54,1
1102835,89.0,4.26,0
1102837,84.0,4.1,0
1102838,87.0,2.42,1
1102839,86.0,4.04,0
1102840,79.0,4.04,0
1102841,53.0,1.6,1
1102842,92.0,4.26,0
1102843,53.0,2.02,1
1102844,92.0,4.34,0
1102845,56.0,1.48,1
1102846,92.0,4.34,0
1102847,62.0,2.12,1
1102850,95.0,4.19,0
1102851,50.0,1.48,1
1102852,98.0,4.54,0
1102853,60.0,1.51,1
1102854,94.0,4.2,0
1102855,47.0,1.38,1
1102856,87.0,4.48,0
1102857,49.0,1.43,1
1102858,87.0,4.43,0
1102859,57.0,1.55,1
1102860,92.0,3.5,0
1102862,61.0,1.49,1
1102863,85.0,3.47,0
1102864,85.0,3.47,0
1102865,93.0,4.2,0
1102866,46.0,1.43,1
1102867,96.0,4.34,0
1102868,59.0,1.45,1
1102869,80.0,4.29,0
1102870,75.0,2.15,1
1102871,83.0,4.16,0
1102874,58.0,2.06,1
1102875,100.0,4.41,0
1102876,62.0,2.13,1
1102877,92.0,4.33,0
1102878,66.0,1.55,1
1102880,84.0,4.3,0
1102881,57.0,1.43,1
1102882,86.0,4.21,0
1102883,83.0,4.05,0
1102885,91.0,4.0,0
1102886,57.0,1.46,1
1102887,94.0,4.33,0
1102888,53.0,2.18,1
1102889,83.0,4.32,0
1102890,72.0,1.55,1
1102891,78.0,4.35,0
1102892,66.0,2.15,1
1102893,83.0,4.24,0
1102894,56.0,2.05,1
1102895,94.0,4.25,0
1102898,65.0,1.47,1
1102899,95.0,4.32,0
1102900,58.0,2.0,1
1102901,87.0,4.29,0
1102902,63.0,1.53,1
1102903,101.0,4.45,0
1102904,56.0,2.05,1
1102905,95.0,4.2,0
1102906,82.0,3.45,0
1102908,89.0,3.45,0
1102909,79.0,4.12,0
1102910,61.0,1.47,1
1102911,86.0,4.36,0
1102912,61.0,1.51,1
1102913,84.0,4.4,0
1102914,75.0,1.51,1
1102915,82.0,4.37,0
1102916,53.0,1.42,1
1102918,66.0,2.21,1
1102919,90.0,4.39,0
1102920,84.0,3.45,0
1102921,79.0,4.32,0
1102922,57.0,2.19,1
1102923,88.0,4.34,0
1102924,57.0,1.43,1
1102925,83.0,4.22,0
1102926,81.0,3.47,0
1102927,51.0,1.43,1
1102928,85.0,4.5,0
1102930,56.0,1.54,1
1102931,94.0,4.3,0
1102932,78.0,3.35,0
1102933,93.0,4.2,0
1102934,81.0,4.11,0
1102935,61.0,1.58,1
1102936,87.0,4.29,0
1102937,52.0,1.45,1
1102939,91.0,4.03,0
1102940,82.0,4.15,0
1102941,90.0,4.13,0
1102942,74.0,4.17,0
1102943,53.0,1.45,1
1102944,94.0,4.45,0
1102945,62.0,2.14,1
1102946,86.0,4.31,0
1102947,51.0,1.52,1
1102948,87.0,4.19,0
1102950,88.0,4.1,0
1102951,64.0,1.46,1
1102952,95.0,4.53,0
1102953,85.0,4.02,0
1102954,57.0,1.53,1
1102955,92.0,4.42,0
1102956,80.0,3.56,0
1102957,59.0,1.58,1
1102958,84.0,4.33,0
1102959,89.0,3.5,0
1102961,77.0,4.23,0
1102962,52.0,2.15,1
1102963,103.0,4.15,0
1102964,44.0,1.48,1
1102965,84.0,4.3,0
1102966,81.0,3.38,0
1102967,90.0,4.15,0
1102968,64.0,2.05,1
1102969,87.0,4.55,0
1102970,56.0,1.44,1
1102972,81.0,4.14,0
1102973,79.0,2.09,1
1102974,90.0,4.34,0
1102975,78.0,4.07,0
1102976,86.0,3.08,0
1102977,81.0,4.07,0
1102978,78.0,4.2,0
1102979,53.0,1.54,1
1102980,86.0,4.3,0
1102981,56.0,1.49,1
1102983,92.0,4.22,0
1102984,49.0,1.53,1
1102985,90.0,4.3,0
1102986,55.0,2.05,1
1102987,92.0,4.26,0
1102988,66.0,2.13,1
1102989,90.0,4.38,0
1102990,50.0,1.46,1
1102991,84.0,4.16,0
1102992,55.0,1.58,1
1102994,86.0,3.59,0
1102995,92.0,4.26,0
1102996,54.0,1.52,1
1102997,93.0,4.38,0
1102998,84.0,4.17,0
1102999,51.0,1.41,1
1103000,104.0,4.47,0
1103001,54.0,1.48,1
1103002,95.0,4.4,0
1103003,88.0,4.13,0
1103005,88.0,4.3,0
1103006,87.0,3.5,0
1103007,85.0,4.34,0
1103008,78.0,4.08,0
1103009,86.0,4.03,0
1103010,52.0,2.01,1
1103011,85.0,4.41,0
1103012,65.0,2.13,1
1103013,91.0,4.18,0
1103015,97.0,4.22,0
1103016,42.0,2.01,1
1103017,99.0,3.38,0
1103018,51.0,1.48,1
1103019,83.0,4.27,0
1103020,57.0,2.15,1
1103021,83.0,4.32,0
1103022,80.0,3.28,0
1103023,63.0,1.51,1
1103024,89.0,4.23,0
1103025,82.0,4.13,0
1103028,91.0,4.17,0
1103029,68.0,2.08,1
1103030,90.0,4.17,0
1103031,89.0,4.07,0
1103032,75.0,4.0,0
1103033,84.0,3.56,0
1103034,64.0,1.51,1
1103035,88.0,4.28,0
1103036,62.0,1.43,1
1103037,81.0,4.38,0
1105837,87.0,4.2,0
1105838,60.0,1.47,1
1105839,93.0,3.43,0
1105840,84.0,4.01,0
1105841,56.0,1.33,1
1105842,89.0,4.22,0
1105843,86.0,4.0,0
1105844,87.0,3.56,0
1105845,90.0,4.11,0
1105849,76.0,3.47,0
1105850,75.0,3.55,0
1105851,80.0,3.3,0
1105852,85.0,3.52,0
1105853,83.0,4.2,0
1105854,66.0,1.59,1
1105855,85.0,4.38,0
1105856,65.0,2.1,1
1105857,87.0,4.46,0
1105858,56.0,1.54,1
1105860,85.0,4.0,0
1105861,90.0,3.19,0
1105862,87.0,4.31,0
1105863,82.0,4.14,0
1105864,64.0,2.15,1
1105865,90.0,4.01,0
1105866,52.0,1.58,1
1105867,87.0,4.17,0
1105868,63.0,1.42,1
1105869,90.0,4.55,0
1105871,85.0,4.12,0
1105872,76.0,4.0,0
1105873,96.0,3.3,0
1105874,56.0,1.48,1
1105875,77.0,4.2,0
1105876,83.0,3.33,0
1105877,89.0,4.36,0
1105878,60.0,1.47,1
1105879,87.0,4.28,0
1105880,66.0,1.52,1
1105881,86.0,3.58,0
1105883,59.0,2.0,1
1105884,88.0,4.28,0
1105885,70.0,2.49,1
1105886,81.0,4.3,0
1105887,61.0,1.54,1
1105888,86.0,4.33,0
1105889,88.0,4.14,0
1105890,85.0,4.34,0
1105891,46.0,1.41,1
1105892,89.0,4.5,0
1105894,63.0,1.45,1
1105895,95.0,2.39,0
1105896,56.0,1.49,1
1105897,81.0,4.4,0
1105898,79.0,3.37,0
1105899,81.0,3.54,0
1105900,82.0,4.1,0
1105901,54.0,2.05,1
1105902,88.0,4.29,0
1105903,77.0,2.05,1
1105904,91.0,4.41,0
1105906,62.0,2.05,1
1105907,81.0,4.38,0
1105908,69.0,2.2,1
1105909,89.0,4.51,0
1105910,87.0,3.57,0
1105912,93.0,4.13,0
1105913,63.0,2.2,1
1105914,64.0,4.2,0
1105917,96.0,4.0,0
1105918,65.0,2.05,1
1105919,78.0,4.43,0
1105920,86.0,3.42,0
1105921,76.0,3.58,0
1105922,61.0,2.29,1
1105923,100.0,4.12,0
1105924,84.0,3.58,0
1105925,87.0,4.22,0
1105926,47.0,1.4,1
1105932,56.0,1.4,1
1105933,90.0,4.18,0
1105934,83.0,4.16,0
1105935,51.0,1.54,1
1105936,92.0,4.39,0
1105937,56.0,1.43,1
1105938,89.0,4.18,0
1105939,64.0,1.46,1
1105940,86.0,4.34,0
1105941,72.0,3.42,0
1105942,91.0,3.45,0
1105945,95.0,4.26,0
1105946,52.0,1.57,1
1105947,83.0,4.14,0
1105948,68.0,3.21,0
1105949,71.0,2.21,1
1105950,86.0,4.38,0
1105951,78.0,3.41,0
1105952,78.0,3.52,0
1105953,86.0,4.12,0
1105954,72.0,3.4,0
1105958,89.0,4.23,0
1105959,50.0,1.49,1
1105960,93.0,4.32,0
1105961,52.0,1.53,1
1105962,97.0,4.4,0
1105963,58.0,1.58,1
1105964,95.0,4.31,0
1105965,55.0,2.0,1
1105966,94.0,4.29,0
1105968,78.0,4.1,0
1105969,80.0,4.12,0
1105970,84.0,4.12,0
1105971,57.0,1.58,1
1105972,82.0,4.42,0
1105973,85.0,3.34,0
1105974,50.0,2.15,1
1105975,85.0,4.21,0
1105976,57.0,2.02,1
1105977,93.0,4.25,0
1105979,69.0,1.55,1
1105980,92.0,4.0,0
1105981,85.0,4.21,0
1105982,89.0,4.19,0
1105983,90.0,3.51,0
1105984,87.0,4.35,0
1105985,56.0,2.03,1
1105986,94.0,4.16,0
1105987,53.0,1.42,1
1105989,95.0,4.38,0
1105990,76.0,4.48,0
1105991,92.0,3.45,0
1105992,85.0,3.34,0
1105993,89.0,4.27,0
1105994,58.0,1.49,1
1105995,83.0,4.35,0
1105996,84.0,3.44,0
1105997,77.0,4.12,0
1105999,65.0,2.0,1
1106000,89.0,4.33,0
1106001,60.0,1.54,1
1106002,84.0,4.34,0
1106003,62.0,1.56,1
1106004,94.0,4.47,0
1106005,82.0,3.41,0
1106006,80.0,4.37,0
1106007,51.0,2.0,1
1106008,98.0,4.28,0
1106010,92.0,4.3,0
1106011,53.0,2.02,1
1106012,97.0,4.3,0
1106013,50.0,1.4,1
1106014,88.0,4.43,0
1106015,66.0,1.46,1
1106016,87.0,4.34,0
1106017,61.0,1.53,1
1106018,81.0,4.1,0
1106019,86.0,3.38,0
1106021,83.0,4.11,0
1106022,55.0,1.5,1
1106023,89.0,4.2,0
1106024,62.0,1.41,1
1106025,92.0,4.38,0
1106026,49.0,1.42,1
1106027,91.0,4.27,0
1106028,56.0,2.0,1
1106029,87.0,4.26,0
1106030,56.0,1.53,1
1106031,93.0,4.16,0
1106033,61.0,1.56,1
1106034,99.0,4.25,0
1106035,59.0,1.5,1
1106036,87.0,4.3,0
1106037,51.0,1.46,1
1106038,89.0,4.59,0
1106039,60.0,1.51,1
1106040,83.0,4.32,0
1106041,73.0,3.35,0
1106042,92.0,4.16,0
1106044,73.0,2.03,1
1106045,81.0,4.3,0
1106046,76.0,3.06,0
1106047,76.0,2.49,1
1106048,87.0,4.28,0
1106049,84.0,4.03,0
1106050,89.0,4.13,0
1106051,94.0,4.11,0
1106053,77.0,3.58,0
1106054,85.0,3.47,0
1106055,93.0,4.13,0
1106056,74.0,3.5,0
1106057,53.0,1.41,1
1106058,90.0,4.37,0
1106059,56.0,1.42,1
1106060,97.0,4.28,0
1106061,75.0,3.45,0
1106064,91.0,4.41,0
1106065,58.0,1.45,1
1106066,101.0,4.29,0
1106067,78.0,4.16,0
1106068,82.0,4.1,0
1106069,86.0,4.0,0
1106070,75.0,3.51,0
1106071,79.0,3.5,0
1106072,77.0,3.49,0
1106074,55.0,2.1,1
1106075,106.0,4.4,0
1106076,52.0,1.4,1
1106077,93.0,4.1,0
1106078,82.0,4.11,0
1106079,89.0,3.58,0
1106080,86.0,4.04,0
1106081,86.0,4.21,0
1106082,51.0,1.39,1
1106088,83.0,4.34,0
1106089,65.0,1.45,1
1106090,82.0,4.28,0
1106091,53.0,1.57,1
1106092,86.0,4.3,0
1106093,65.0,2.12,1
1106094,94.0,4.1,0
1106095,78.0,4.13,0
1106096,93.0,4.31,0
1106099,85.0,4.24,0
1106100,69.0,1.54,1
1106101,87.0,4.34,0
1106102,64.0,1.44,1
1106103,88.0,4.4,0
1106104,54.0,2.03,1
1106105,88.0,4.31,0
1106106,72.0,1.5,1
1106107,83.0,4.31,0
1106108,80.0,3.42,0
1106110,56.0,1.48,1
1106111,80.0,4.46,0
1106112,77.0,4.1,0
1106113,85.0,4.23,0
1106114,83.0,4.05,0
1106115,89.0,4.14,0
1106116,66.0,2.55,1
1106117,95.0,4.33,0
1106118,57.0,1.49,1
1106122,94.0,4.22,0
1106123,62.0,1.46,1
1106124,83.0,4.36,0
1106125,70.0,1.46,1
1106126,92.0,4.3,0
1106127,58.0,1.48,1
1106128,86.0,4.24,0
1106129,77.0,3.52,0
1106130,59.0,1.47,1
1106131,87.0,4.36,0
1106133,56.0,1.51,1
1106134,96.0,4.39,0
1106135,59.0,1.5,1
1106136,83.0,4.39,0
1106137,53.0,1.53,1
1106138,100.0,4.16,0
1106139,46.0,1.32,1
1106140,91.0,4.26,0
1106141,81.0,3.45,0
1106144,62.0,2.4,1
1106145,87.0,4.2,0
1106146,53.0,1.58,1
1106147,87.0,4.41,0
1106148,51.0,1.52,1
1106149,95.0,4.32,0
1106150,81.0,4.37,0
1106151,60.0,2.22,1
1106152,88.0,4.34,0
1106153,84.0,4.01,0
1106154,75.0,4.2,0
1106158,52.0,1.42,1
1106159,84.0,4.3,0
1106160,93.0,3.45,0
1106161,80.0,4.16,0
1106162,77.0,3.54,0
1106163,82.0,3.35,0
1106164,78.0,4.15,0
1106165,64.0,2.03,1
1106166,86.0,4.35,0
1106169,88.0,4.36,0
1106170,48.0,1.48,1
1106171,99.0,4.27,0
1106172,50.0,1.45,1
1106174,60.0,2.15,1
1106175,86.0,4.36,0
1106176,88.0,4.03,0
1106180,71.0,2.05,1
1106181,80.0,4.43,0
1106182,73.0,2.02,1
1106183,81.0,4.28,0
1106185,101.0,4.44,0
1106186,57.0,1.39,1
1106187,82.0,4.14,0
1106188,82.0,3.43,0
1106189,87.0,3.45,0
1108497,85.0,4.19,0
1108498,64.0,2.04,1
1108499,83.0,4.45,0
1108500,85.0,4.0,0
1108501,80.0,3.52,0
1108502,76.0,4.23,0
1108503,87.0,3.58,0
1108504,77.0,4.09,0
1108507,76.0,4.1,0
1108508,79.0,4.0,0
1108509,60.0,1.52,1
1108510,98.0,4.33,0
1108511,54.0,1.4,1
1108512,86.0,4.26,0
1108513,79.0,4.03,0
1108514,86.0,4.31,0
1108515,79.0,3.58,0
1108516,52.0,4.07,0
1108518,50.0,1.49,1
1108519,86.0,4.2,0
1108520,55.0,1.51,1
1108521,90.0,4.36,0
1108522,56.0,2.09,1
1108523,95.0,4.27,0
1108524,75.0,3.47,0
1108525,53.0,1.4,1
1108526,84.0,4.28,0
1108528,85.0,4.42,0
1108529,53.0,1.4,1
1108530,82.0,4.36,0
1108531,84.0,4.17,0
1108532,57.0,1.5,1
1108533,83.0,4.47,0
1108534,53.0,2.15,1
1108535,90.0,4.19,0
1108536,64.0,1.55,1
1108541,72.0,4.15,0
1108542,78.0,4.0,0
1108543,57.0,2.17,1
1108544,93.0,4.42,0
1108545,56.0,1.49,1
1108546,90.0,4.32,0
1108547,58.0,2.09,1
1108552,52.0,1.48,1
1108553,90.0,4.44,0
1108554,63.0,1.55,1
1108555,96.0,3.48,0
1108556,52.0,1.48,1
1108557,82.0,4.12,0
1108558,51.0,2.12,1
1108560,68.0,2.12,1
1108561,93.0,4.12,0
1108562,54.0,2.03,1
1108564,52.0,2.07,1
1108565,85.0,4.32,0
1108566,62.0,1.58,1
1108568,86.0,4.3,0
1108569,60.0,1.57,1
1108570,89.0,4.42,0
1108571,56.0,1.4,1
1108572,92.0,4.13,0
1108573,77.0,2.31,1
1108574,93.0,4.26,0
1108576,85.0,4.15,0
1108577,60.0,2.09,1
1108578,87.0,4.31,0
1108579,60.0,1.47,1
1108580,84.0,4.32,0
1108581,52.0,1.57,1
1108582,86.0,4.42,0
1108583,57.0,2.07,1
1108584,87.0,4.34,0
1108586,75.0,3.47,0
1108587,89.0,4.01,0
1108588,99.0,4.12,0
1108589,77.0,4.14,0
1108590,80.0,4.1,0
1108591,55.0,1.52,1
1108593,90.0,4.52,0
1108594,81.0,4.01,0
1108595,54.0,1.47,1
1108596,94.0,4.41,0
1108597,53.0,1.55,1
1108598,106.0,4.41,0
1108599,77.0,4.19,0
1108606,60.0,1.59,1
1108607,101.0,4.54,0
1108608,53.0,1.54,1
1108609,85.0,4.36,0
1108610,68.0,3.17,0
1108611,66.0,1.42,1
1108612,82.0,4.23,0
1108615,52.0,1.45,1
1108616,93.0,4.25,0
1108617,57.0,1.52,1
1108618,99.0,4.3,0
1108619,59.0,1.5,1
1108620,96.0,4.3,0
1108621,56.0,1.5,1
1108622,96.0,4.39,0
1108625,65.0,1.5,1
1108626,89.0,4.34,0
1108627,60.0,1.57,1
1108628,92.0,4.25,0
1108629,63.0,1.47,1
1108630,94.0,4.45,0
1108631,56.0,1.56,1
1108633,61.0,1.5,1
1108634,91.0,4.47,0
1108635,74.0,3.53,0
1108636,91.0,3.58,0
1108637,74.0,4.04,0
1108638,65.0,2.02,1
1108640,88.0,4.3,0
1108641,61.0,2.2,1
1108642,94.0,4.25,0
1108643,55.0,1.56,1
1108644,80.0,4.36,0
1108645,58.0,2.23,1
1108646,83.0,4.15,0
1108649,52.0,1.43,1
1108650,84.0,4.17,0
1108651,52.0,1.55,1
1108652,97.0,4.29,0
1108653,77.0,3.38,0
1108654,61.0,1.56,1
1108656,54.0,1.45,1
1108657,82.0,4.3,0
1108658,63.0,3.14,0
1108659,90.0,4.23,0
1108660,71.0,3.21,0
1108661,84.0,4.08,0
1108662,70.0,1.4,1
1108663,87.0,4.43,0
1108664,85.0,4.05,0
1108666,60.0,1.45,1
1108667,82.0,4.51,0
1108668,83.0,3.47,0
1108669,79.0,3.59,0
1108670,85.0,4.06,0
1108671,82.0,4.03,0
1108674,80.0,3.45,0
1108675,82.0,3.46,0
1108676,87.0,4.27,0
1108677,80.0,3.48,0
1108679,83.0,4.13,0
1108682,95.0,4.0,0
1108683,51.0,1.52,1
1108684,82.0,4.42,0
1108685,59.0,2.08,1
1108686,82.0,4.15,0
1108687,90.0,3.44,0
1108688,68.0,4.1,0
1108689,74.0,3.2,0
1108692,101.0,4.19,0
1108693,48.0,2.06,1
1108694,94.0,4.26,0
1108695,51.0,1.51,1
1108696,81.0,4.12,0
1108697,64.0,2.35,1
1108698,88.0,3.48,0
1108701,57.0,1.56,1
1108702,90.0,4.49,0
1108703,82.0,3.42,0
1108704,80.0,4.12,0
1108705,84.0,4.15,0
1108706,79.0,4.1,0
1108710,90.0,4.25,0
1108711,56.0,1.4,1
1108712,89.0,4.2,0
1108713,50.0,1.5,1
1108714,83.0,4.33,0
1108715,83.0,3.3,0
1108717,63.0,1.28,1
1108718,79.0,4.34,0
1108719,61.0,1.56,1
1108720,92.0,4.31,0
1108721,72.0,3.54,0
1108722,53.0,1.45,1
1108723,103.0,4.4,0
1108725,78.0,3.54,0
1108726,73.0,1.48,1
1108727,80.0,4.22,0
1108728,66.0,1.52,1
1108729,78.0,4.42,0
1108730,52.0,2.02,1
1108731,96.0,4.45,0
1108735,59.0,1.59,1
1108736,96.0,4.22,0
1108737,63.0,1.47,1
1108738,80.0,4.3,0
1108739,86.0,4.01,0
1108740,76.0,4.11,0
1108741,77.0,1.48,1
1108744,92.0,4.07,0
1108745,49.0,1.56,1
1108746,87.0,4.19,0
1108747,88.0,3.45,0
1108748,49.0,1.5,1
1108749,87.0,4.48,0
1108750,51.0,1.53,1
1108753,64.0,1.39,1
1108754,81.0,4.33,0
1108755,80.0,3.35,0
1108756,55.0,1.43,1
1108757,98.0,4.23,0
1108758,53.0,1.48,1
1108760,93.0,4.3,0
1108761,51.0,1.58,1
1108762,103.0,4.29,0
1108763,51.0,1.45,1
1108764,84.0,4.34,0
1108765,68.0,2.12,1
1108766,109.0,4.41,0
1108767,77.0,4.17,0
1109792,86.0,4.4,0
1109793,77.0,4.16,0
1109794,84.0,3.5,0
1109795,73.0,4.09,0
1109796,97.0,4.36,0
1109797,49.0,1.4,1
1109798,88.0,4.57,0
1109801,66.0,2.18,1
1109802,81.0,4.22,0
1109803,59.0,1.45,1
1109804,88.0,4.39,0
1109805,54.0,1.57,1
1109806,90.0,4.06,0
1109807,59.0,1.59,1
1109808,88.0,4.39,0
1109814,78.0,4.33,0
1109815,72.0,3.29,0
1109816,81.0,4.09,0
1109818,108.0,4.51,0
1109820,47.0,2.2,1
1109821,91.0,4.23,0
1109823,51.0,1.46,1
1109824,88.0,4.41,0
1109825,60.0,1.52,1
1109826,85.0,4.27,0
1109827,57.0,2.0,1
1109829,75.0,4.0,0
1109831,90.0,4.4,0
1109832,50.0,1.48,1
1109833,84.0,4.37,0
1109834,73.0,2.25,1
1109835,55.0,1.44,1
1109838,90.0,4.28,0
1109839,75.0,4.06,0
1109840,81.0,3.2,0
1109841,65.0,2.12,1
1109842,83.0,4.29,0
1109843,86.0,3.45,0
1109845,92.0,4.12,0
1109846,73.0,4.15,0
1109847,65.0,1.42,1
1109848,86.0,4.2,0
1109849,75.0,3.58,0
1109852,87.0,4.37,0
1109853,51.0,1.34,1
1109854,89.0,4.15,0
1109855,56.0,1.41,1
1109856,95.0,4.31,0
1109857,55.0,1.52,1
1109858,85.0,4.2,0
1109861,82.0,2.02,1
1109862,56.0,1.5,1
1109863,90.0,4.09,0
1109864,53.0,1.54,1
1109865,82.0,4.3,0
1109866,65.0,2.13,1
1109867,90.0,4.21,0
1109869,52.0,1.42,1
1109870,87.0,4.23,0
1109871,50.0,1.45,1
1109872,88.0,4.05,0
1109873,56.0,1.49,1
1109874,93.0,4.2,0
1109877,95.0,3.27,0
1109878,61.0,1.41,1
1109879,82.0,4.45,0
1109880,56.0,1.35,1
1109881,100.0,4.22,0
1109882,65.0,1.43,1
1109884,95.0,4.27,0
1109885,57.0,2.0,1
1109886,83.0,4.17,0
1109887,55.0,1.57,1
1109888,95.0,4.25,0
1109890,90.0,3.46,0
1109891,54.0,1.44,1
1109892,87.0,4.24,0
1109893,92.0,4.2,0
1109894,88.0,4.2,0
1109895,85.0,4.05,0
1109896,58.0,1.54,1
1109899,79.0,4.0,0
1109900,81.0,3.47,0
1109901,80.0,4.02,0
1109902,54.0,2.01,1
1109903,97.0,4.39,0
1109904,58.0,2.26,1
1109906,83.0,3.3,0
1109907,80.0,3.55,0
1109908,86.0,4.07,0
1109909,81.0,3.45,0
1109910,70.0,2.15,1
1109911,87.0,4.36,0
1109913,78.0,3.42,0
1109914,87.0,4.05,0
1109915,81.0,3.48,0
1109916,64.0,1.57,1
1109917,87.0,4.39,0
1109918,59.0,1.46,1
1109919,93.0,4.21,0
1109921,79.0,4.26,0
1109922,51.0,1.41,1
1109923,90.0,4.12,0
1109924,61.0,1.49,1
1109925,81.0,4.2,0
1109926,62.0,1.37,1
1109927,77.0,4.23,0
1109930,82.0,2.02,1
1109931,58.0,2.05,1
1109932,80.0,3.44,0
1109933,65.0,1.49,1
1109934,79.0,4.23,0
1109935,74.0,3.3,0
1109937,53.0,1.46,1
1109938,87.0,4.2,0
1109939,65.0,1.49,1
1109940,79.0,4.24,0
1109941,57.0,1.42,1
1109942,88.0,4.08,0
1109944,50.0,3.01,1
1109945,86.0,4.2,0
1109946,58.0,1.46,1
1109947,88.0,4.2,0
1109948,59.0,1.35,1
1109949,89.0,4.31,0
1109951,57.0,2.03,1
1109952,88.0,4.29,0
1109953,64.0,1.47,1
1109954,88.0,4.3,0
1109955,89.0,4.03,0
1109956,81.0,4.01,0
1109958,89.0,4.3,0
1109959,58.0,1.4,1
1109960,96.0,4.1,0
1109962,79.0,4.29,0
1109963,82.0,3.31,0
1109965,87.0,4.25,0
1109966,56.0,1.45,1
1109967,85.0,4.47,0
1109968,74.0,1.4,1
1109969,86.0,4.4,0
1109970,56.0,1.45,1
1109973,79.0,4.26,0
1109974,82.0,3.39,0
1109975,59.0,2.11,1
1109976,91.0,4.2,0
1109977,66.0,1.41,1
1109978,88.0,4.39,0
1109980,99.0,3.18,0
1109981,51.0,1.42,1
1109982,81.0,4.36,0
1109983,93.0,3.3,0
1109984,77.0,4.3,0
1109985,61.0,1.5,1
1109988,55.0,1.55,1
1109989,77.0,4.23,0
1109990,80.0,3.43,0
1109991,52.0,2.29,1
1109992,100.0,4.3,0
1109993,54.0,1.48,1
1109995,99.0,4.29,0
1109996,65.0,1.49,1
1109997,85.0,4.23,0
1109998,46.0,1.47,1
1109999,99.0,4.24,0
1110000,55.0,1.59,1
1110002,89.0,4.25,0
1110003,71.0,3.54,0
1110004,92.0,4.23,0
1110005,51.0,1.42,1
1110006,94.0,4.44,0
1110009,51.0,2.0,1
1110010,89.0,4.37,0
1110011,62.0,1.52,1
1110012,81.0,4.52,0
1110013,62.0,1.49,1
1110014,95.0,4.31,0
1110017,54.0,1.59,1
1110018,83.0,4.3,0
1110019,81.0,3.09,0
1110020,85.0,4.09,0
1110021,78.0,4.05,0
1110022,59.0,1.58,1
1110023,77.0,4.19,0
1110026,57.0,2.09,1
1110027,91.0,4.34,0
1110028,78.0,3.59,0
1110029,76.0,4.11,0
1110030,84.0,3.52,0
1110748,52.0,1.39,1
1110749,95.0,4.45,0
1110750,52.0,2.01,1
1110751,80.0,4.43,0
1110752,58.0,2.0,1
1110753,98.0,4.28,0
1110755,61.0,1.35,1
1110756,87.0,4.49,0
1110758,87.0,4.2,0
1110759,70.0,2.2,1
1110761,94.0,4.39,0
1110762,54.0,1.4,1
1110763,91.0,4.39,0
1110764,56.0,1.44,1
1110765,92.0,4.54,0
1110766,59.0,1.46,1
1110768,60.0,4.0,0
1110769,77.0,4.19,0
1110770,79.0,3.55,0
1110771,93.0,4.04,0
1110772,70.0,4.07,0
1110773,86.0,3.49,0
1110775,66.0,2.0,1
1110777,70.0,1.57,1
1110778,89.0,4.55,0
1110779,53.0,1.51,1
1110781,61.0,1.37,1
1110782,90.0,4.44,0
1110783,52.0,1.47,1
1110784,90.0,4.42,0
1110785,61.0,2.13,1
1110786,89.0,3.56,0
1110788,64.0,2.02,1
1110789,77.0,4.45,0
1110790,66.0,1.59,1
1110791,81.0,4.38,0
1110792,79.0,3.48,0
1110793,77.0,4.23,0
1110797,65.0,1.56,1
1110798,87.0,4.21,0
1110799,88.0,4.23,0
1110800,49.0,1.52,1
1110802,59.0,2.01,1
1110803,85.0,4.14,0
1110804,59.0,1.53,1
1110805,85.0,4.15,0
1110806,77.0,3.45,0
1110807,85.0,3.52,0
1110811,85.0,4.41,0
1110812,55.0,1.38,1
1110813,90.0,4.34,0
1110814,64.0,1.54,1
1110817,50.0,1.49,1
1110819,45.0,2.0,1
1110820,98.0,4.38,0
1110821,63.0,2.05,1
1110823,90.0,4.34,0
1110824,57.0,1.57,1
1110825,86.0,4.2,0
1110826,55.0,2.08,1
1110828,80.0,4.52,0
1110829,86.0,3.1,0
1110830,56.0,2.27,1
1110831,92.0,4.18,0
1110832,60.0,1.56,1
1110834,90.0,4.3,0
1110835,58.0,2.3,1
1110836,79.0,4.21,0
1110837,58.0,1.54,1
1110838,82.0,3.35,0
1110841,63.0,2.01,1
1110842,92.0,4.28,0
1110843,77.0,4.17,0
1110847,87.0,4.35,0
1110848,51.0,1.54,1
1110849,93.0,4.37,0
1110850,68.0,1.53,1
1110852,77.0,4.2,0
1110853,77.0,3.41,0
1110854,60.0,2.06,1
1110855,93.0,4.34,0
1110856,53.0,2.01,1
1110860,78.0,2.06,1
1110872,59.0,1.23,1
1110873,77.0,4.0,0
1110874,90.0,3.55,0
1110875,82.0,4.15,0
1110877,83.0,4.09,0
1110878,49.0,1.58,1
1110879,95.0,5.02,0
1110880,55.0,1.45,1
1110885,80.0,4.03,0
1110886,91.0,4.1,0
1110887,76.0,2.19,1
1110888,65.0,2.0,1
1110890,80.0,4.0,0
1110892,84.0,4.41,0
1110893,74.0,3.42,0
1110894,84.0,4.02,0
1110896,56.0,1.56,1
1110897,78.0,4.4,0
1110898,67.0,1.57,1
1110899,85.0,4.29,0
1110900,62.0,2.06,1
1110901,83.0,4.03,0
1110905,84.0,4.0,0
1110906,59.0,1.35,1
1110907,89.0,4.4,0
1110908,58.0,1.46,1
1110909,85.0,4.52,0
1110910,65.0,2.36,1
1110912,60.0,1.56,1
1110913,84.0,4.48,0
1110914,62.0,2.04,1
1110915,77.0,4.1,0
1110916,78.0,4.07,0
1110917,77.0,4.11,0
1110919,83.0,4.23,0
1110920,82.0,4.18,0
1110921,54.0,2.09,1
1110922,80.0,4.38,0
1110923,76.0,3.38,0
1110924,82.0,3.51,0
1110925,57.0,2.08,1
1110928,58.0,1.54,1
1110929,87.0,4.3,0
1110930,75.0,4.09,0
1110931,92.0,3.55,0
1110932,74.0,3.33,0
1110934,61.0,4.11,0
1110935,60.0,2.05,1
1110936,87.0,5.0,0
1110937,54.0,1.46,1
1110938,91.0,4.24,0
1110939,68.0,1.57,1
1110943,53.0,1.49,1
1110944,82.0,4.32,0
1110945,85.0,2.05,1
1110946,76.0,4.22,0
1110947,60.0,1.53,1
1110949,54.0,1.53,1
1110950,93.0,4.16,0
1110951,55.0,1.58,1
1110952,98.0,4.32,0
1110953,67.0,1.59,1
1110954,86.0,5.01,0
1110958,82.0,3.03,0
1110959,95.0,4.03,0
1110960,81.0,4.06,0
1110961,58.0,2.02,1
1110962,101.0,4.32,0
1110963,66.0,3.42,0
1110965,53.0,2.13,1
1110966,86.0,4.38,0
1110967,61.0,1.55,1
1110968,93.0,4.45,0
1110969,84.0,3.59,0
1110971,93.0,4.1,0
1110972,52.0,1.59,1
1110973,88.0,4.34,0
1110974,51.0,2.01,1
1110975,93.0,4.4,0
1110976,82.0,4.02,0
1110977,82.0,3.48,0
1110979,83.0,4.42,0
1110980,63.0,1.5,1
1110982,87.0,3.45,0
1110983,84.0,4.28,0
1110985,82.0,4.0,0
1110986,73.0,4.03,0
1110987,91.0,4.12,0
1110988,64.0,2.28,1
1110989,92.0,4.41,0
1110991,81.0,4.14,0
1110992,80.0,3.54,0
1110993,72.0,3.45,0
1110994,70.0,3.27,0
1110995,76.0,2.5,1
1110996,86.0,4.24,0
1110999,72.0,2.33,1
1111001,86.0,3.51,0
1111002,89.0,3.56,0
1111003,49.0,1.55,1
1111004,82.0,4.33,0
1111005,60.0,1.59,1
1111016,54.0,1.52,1
1111017,89.0,4.42,0
1111018,61.0,2.01,1
1111019,88.0,4.48,0
1111020,57.0,1.5,1
1111021,86.0,4.42,0
1111037,82.0,4.01,0
1111038,85.0,3.5,0
1111039,56.0,1.59,1
1111040,92.0,4.3,0
1111041,50.0,1.43,1
1111042,86.0,4.33,0
1111043,49.0,1.43,1
1111044,89.0,4.28,0
718070,88.0,3.57,0
718264,86.0,3.51,0
719234,94.0,3.2,0
718449,91.0,3.43,0
717282,92.0,4.02,0
718313,97.0,3.58,0
717105,85.0,3.53,0
717874,84.0,3.57,0
718741,88.0,4.19,0
716957,72.0,4.04,0
718986,49.0,2.0,1
717928,91.0,4.13,0
718008,85.0,4.26,0
717905,105.0,3.39,0
718354,90.0,3.59,0
718963,96.0,3.29,0
719049,78.0,3.25,0
717933,94.0,3.47,0
649315,87.0,3.56,0
649318,86.0,3.56,0
717159,89.0,4.03,0
649319,96.0,4.0,0
649322,93.0,3.56,0
649330,89.0,4.1,0
649338,93.0,3.41,0
649349,91.0,3.57,0
649365,84.0,3.57,0
649366,93.0,3.58,0
649367,91.0,4.03,0
649368,95.0,4.07,0
649369,90.0,4.12,0
649370,96.0,4.03,0
649392,78.0,3.54,0
649453,88.0,3.3,0
649499,92.0,4.11,0
649500,93.0,4.03,0
649538,91.0,4.0,0
649867,90.0,3.46,0
650039,93.0,3.53,0
650060,79.0,3.46,0
650094,102.0,4.01,0
650095,92.0,4.22,0
650096,91.0,3.53,0
650097,92.0,3.48,0
650098,93.0,4.07,0
650099,92.0,4.08,0
650100,95.0,4.16,0
650103,90.0,3.45,0
650104,112.0,4.07,0
650105,86.0,4.08,0
650106,93.0,3.59,0
650107,96.0,4.04,0
650108,97.0,4.26,0
650109,99.0,3.58,0
650112,92.0,4.06,0
650113,87.0,3.23,0
650138,88.0,3.52,0
650145,99.0,4.13,0
650176,85.0,4.15,0
650240,97.0,3.45,0
650241,100.0,4.18,0
650275,91.0,3.4,0
650323,93.0,3.57,0
650324,97.0,3.48,0
650604,88.0,4.23,0
650674,76.0,3.56,0
650691,100.0,3.52,0
650754,93.0,4.5,0
650769,64.0,4.04,0
650801,97.0,3.3,0
650868,92.0,3.4,0
650884,92.0,3.42,0
651067,93.0,4.11,0
651092,77.0,4.02,0
651112,82.0,4.02,0
651151,95.0,3.18,0
651274,85.0,3.09,0
651293,90.0,4.01,0
651488,89.0,3.5,0
651588,89.0,4.21,0
7871,57.0,2.0,1
79027,92.0,3.35,0
79549,105.0,4.31,0
79780,85.0,3.48,0
80594,82.0,4.1,0
80596,63.0,2.11,1
81205,92.0,3.58,0
81363,99.0,3.43,0
81469,93.0,2.17,1
81470,84.0,4.03,0
82169,84.0,3.58,0
82218,98.0,4.08,0
82720,92.0,4.16,0
84276,100.0,3.55,0
84403,102.0,4.27,0
84406,98.0,4.07,0
84654,106.0,4.29,0
76299,90.0,4.01,0
78004,79.0,4.04,0
613452,103.0,4.28,0
726312,91.0,3.45,0
729820,93.0,3.48,0
729842,82.0,3.1,0
730927,67.0,2.25,1
730930,108.0,4.25,0
746331,96.0,3.2,0
746332,105.0,3.0,0
747034,79.0,3.15,0
751411,85.0,3.2,0
764546,95.0,3.35,0
766092,108.0,3.44,0
766101,91.0,3.29,0
766103,88.0,3.42,0
766745,91.0,3.34,0
766748,96.0,3.3,0
766894,90.0,4.0,0
806204,80.0,3.25,0
807335,65.0,1.45,1
807451,100.0,4.0,0
807715,100.0,3.5,0
807733,94.0,3.3,0
807827,99.0,3.5,0
807876,89.0,3.3,0
807985,89.0,3.5,0
808102,94.0,3.0,0
808138,86.0,3.75,0
808255,89.0,3.41,0
808482,89.0,3.3,0
808571,102.0,3.25,0
808572,95.0,3.25,0
808594,86.0,3.75,0
808595,93.0,3.45,0
808609,96.0,3.5,0
808740,101.0,3.75,0
810146,93.0,3.75,0
810157,92.0,3.75,0
810158,101.0,3.75,0
810869,90.0,4.0,0
811048,97.0,3.3,0
811151,104.0,3.3,0
811152,84.0,4.0,0
811339,98.0,4.0,0
811636,69.0,2.0,1
811639,92.0,4.0,0
811644,102.0,3.45,0
811786,88.0,3.75,0
811968,90.0,3.5,0
811976,94.0,3.45,0
812088,86.0,4.4,0
812112,92.0,3.25,0
812125,87.0,3.75,0
812455,99.0,3.45,0
812461,86.0,3.45,0
812790,93.0,3.75,0
813386,97.0,3.3,0
813489,88.0,3.4,0
813727,93.0,4.0,0
813732,104.0,4.0,0
813828,98.0,3.75,0
813855,82.0,3.36,0
820269,87.0,2.3,1
822027,94.0,3.35,0
822180,96.0,4.0,0
822468,92.0,4.0,0
826148,101.0,3.0,0
840935,97.0,3.5,0
844260,98.0,3.39,0
844318,71.0,2.5,1
847012,95.0,3.33,0
847022,92.0,3.38,0
849266,95.0,4.15,0
849272,92.0,3.44,0
849283,104.0,4.11,0
860106,97.0,3.22,0
864799,89.0,3.37,0
864895,102.0,4.6,0
885131,98.0,3.3,0
886458,99.0,4.25,0
886923,93.0,4.0,0
887508,63.0,1.75,1
887510,106.0,4.0,0
887516,100.0,2.46,0
887542,87.0,3.25,0
888673,86.0,3.0,0
889340,83.0,3.3,0
889437,85.0,4.0,0
889747,91.0,3.0,0
890423,99.0,3.16,0
891476,65.0,2.1,1
892683,86.0,3.25,0
892725,90.0,3.34,0
895418,100.0,3.0,0
895467,90.0,3.1,0
896810,99.0,3.47,0
896840,69.0,2.0,1
896977,97.0,3.35,0
896982,92.0,3.0,0
897072,99.0,3.15,0
897518,98.0,3.22,0
897519,112.0,3.21,0
898139,97.0,3.31,0
898713,94.0,3.24,0
899390,98.0,3.23,0
899900,97.0,4.0,0
899905,96.0,3.1,0
900436,97.0,4.15,0
900542,76.0,2.3,1
901512,89.0,3.4,0
901518,89.0,3.5,0
903715,78.0,2.0,1
904101,101.0,3.53,0
904108,85.0,3.59,0
905072,93.0,3.59,0
905081,99.0,4.9,0
905898,87.0,3.41,0
908684,101.0,4.13,0
911579,92.0,4.3,0
926478,99.0,4.0,0
933623,93.0,3.0,0
936795,88.0,3.0,0
991379,65.0,1.57,1
991500,77.0,1.41,1
1004489,92.0,4.16,0
1004757,59.0,1.57,1
1009055,97.0,4.0,0
1012526,95.0,3.2,0
1012874,85.0,2.45,1
1029116,69.0,2.13,1
1033997,117.0,4.0,0
1048428,97.0,3.2,0
1051723,71.0,1.57,1
1051737,68.0,1.47,1
1059475,107.0,4.35,0
1059897,87.0,3.12,0
1076724,99.0,4.15,0
1077044,87.0,3.43,0
1078741,87.0,3.46,0
1087584,89.0,4.0,0
