eruptionID,year,waiting_min,dur
1090262,1993,84.0,3.51
1090263,1993,80.0,4.16
1090264,1993,71.0,4.11
1090265,1993,89.0,4.00
1090266,1993,55.0,2.30
1090267,1993,93.0,4.30
1090268,1993,47.0,1.53
1090269,1993,95.0,4.41
1090327,1993,56.0,1.45
1090328,1993,93.0,4.17
1090329,1993,54.0,2.14
1090330,1993,90.0,4.47
1090331,1993,55.0,2.01
1090332,1993,82.0,4.34
1090333,1993,62.0,2.00
1090365,1993,51.0,1.49
1090366,1993,85.0,4.44
1090367,1993,64.0,2.00
1090368,1993,86.0,4.35
1090369,1993,52.0,1.47
1090370,1993,92.0,4.49
1090371,1993,55.0,1.29
1090399,1993,60.0,1.53
1090400,1993,86.0,4.45
1090401,1993,61.0,1.51
1090402,1993,90.0,4.25
1090403,1993,55.0,2.07
1090404,1993,81.0,4.35
1090405,1993,75.0,3.00
1090447,1993,59.0,1.55
1090448,1993,91.0,4.18
1090449,1993,48.0,1.48
1090450,1993,89.0,4.35
1090451,1993,49.0,1.47
1090452,1993,99.0,4.00
1090453,1993,53.0,1.43
1090479,1993,74.0,4.15
1090480,1993,57.0,1.51
1090482,1993,81.0,4.06
1090483,1993,52.0,2.02
1090484,1993,88.0,4.43
1090485,1993,55.0,2.13
1090486,1993,96.0,4.38
1090513,1993,89.0,4.06
1090514,1993,58.0,1.41
1090515,1993,80.0,4.37
1090519,1993,94.0,4.32
1090563,1993,88.0,4.02
1090564,1993,55.0,1.26
1090565,1993,85.0,4.27
1090566,1993,61.0,1.50
1090567,1993,91.0,4.32
1090568,1993,65.0,1.46
1090569,1993,80.0,4.38
1090570,1993,77.0,3.58
1090571,1993,78.0,3.41
1090754,1993,85.0,3.05
1090755,1993,63.0,1.41
1090756,1993,81.0,4.33
1090757,1993,85.0,4.11
1090758,1993,72.0,3.53
1090759,1993,84.0,3.59
1090760,1993,58.0,1.58
1090775,1993,75.0,4.05
1090776,1993,80.0,3.16
1090777,1993,76.0,4.30
1090778,1993,81.0,3.44
1090779,1993,76.0,4.16
1090792,1993,71.0,2.50
1090794,1993,80.0,4.15
1090795,1993,51.0,1.50
1090796,1993,88.0,4.52
1090797,1993,56.0,2.04
1090798,1993,89.0,4.47
1090811,1993,50.0,1.54
1090812,1993,85.0,4.21
1090813,1993,57.0,1.54
1090814,1993,87.0,4.28
1090815,1993,60.0,1.46
1090816,1993,77.0,4.25
1090817,1993,87.0,2.57
1090829,1993,46.0,1.58
1090830,1993,94.0,4.45
1090831,1993,55.0,1.40
1090832,1993,80.0,4.40
1090833,1993,67.0,1.52
1090834,1993,81.0,4.21
1090835,1993,81.0,3.54
1090836,1993,73.0,4.36
1090848,1993,70.0,2.28
1090849,1993,84.0,4.34
1090850,1993,72.0,3.52
1090851,1993,103.0,4.24
1090852,1993,55.0,2.31
1090853,1993,83.0,4.22
1090854,1993,51.0,1.40
1090855,1993,91.0,4.40
1090867,1993,74.0,3.40
1090868,1993,89.0,3.53
1090869,1993,70.0,3.59
1090870,1993,61.0,1.55
1090871,1993,85.0,4.29
1090872,1993,78.0,3.42
1090873,1993,87.0,3.58
1090874,1993,77.0,3.57
1091286,1993,92.0,4.17
1091287,1993,48.0,1.40
1091288,1993,85.0,4.32
1091289,1993,52.0,2.08
1091290,1993,96.0,4.15
1091291,1993,58.0,1.54
1091292,1993,77.0,4.28
1091306,1993,95.0,4.58
1091307,1993,51.0,1.55
1091309,1993,62.0,1.49
1091310,1993,92.0,4.40
1091311,1993,55.0,1.57
1091324,1993,65.0,2.21
1091325,1993,89.0,4.50
1091326,1993,55.0,1.57
1091327,1993,144.0,4.29
1091328,1993,94.0,4.32
1091329,1993,70.0,3.44
1091342,1993,79.0,3.40
1091343,1993,55.0,2.32
1091344,1993,93.0,4.30
1091345,1993,65.0,2.05
1091346,1993,83.0,4.35
1091347,1993,68.0,2.33
1091348,1993,82.0,4.35
1091349,1993,75.0,3.24
1091361,1993,83.0,4.00
1091362,1993,71.0,3.41
1091363,1993,79.0,4.15
1091364,1993,58.0,1.51
1091365,1993,89.0,4.25
1091366,1993,52.0,1.48
1091367,1993,90.0,4.13
1091368,1993,61.0,1.58
1091369,1993,89.0,4.39
1091382,1993,64.0,1.50
1091383,1993,89.0,4.28
1091384,1993,47.0,1.45
1091385,1993,97.0,4.41
1091387,1993,86.0,4.33
1091388,1993,61.0,1.53
1091389,1993,84.0,4.28
1091400,1993,94.0,4.45
1091401,1993,56.0,1.38
1091402,1993,80.0,4.24
1091403,1993,55.0,1.46
1091404,1993,82.0,4.47
1091405,1993,80.0,3.59
1091406,1993,71.0,3.37
1091420,1993,63.0,2.09
1091421,1993,82.0,4.23
1091422,1993,93.0,3.23
1091423,1993,82.0,4.13
1091424,1993,55.0,1.30
1091425,1993,86.0,4.12
1091439,1993,81.0,3.33
1091440,1993,86.0,4.25
1091441,1993,88.0,4.03
1091442,1993,51.0,1.56
1091443,1993,92.0,4.40
1091444,1993,54.0,1.47
1091458,1993,65.0,2.11
1091459,1993,96.0,4.41
1091460,1993,51.0,1.53
1091461,1993,81.0,4.28
1091463,1993,59.0,2.09
1091464,1993,82.0,4.39
1091478,1993,86.0,4.45
1091479,1993,72.0,2.00
1091480,1993,81.0,4.28
1091481,1993,75.0,2.42
1091482,1993,87.0,4.12
1091483,1993,88.0,4.40
1091484,1993,80.0,2.37
1091495,1993,76.0,4.09
1091496,1993,77.0,1.48
1091497,1993,78.0,4.33
1091498,1993,76.0,4.24
1091499,1993,83.0,4.15
1091500,1993,55.0,1.44
1091501,1993,89.0,4.28
1091502,1993,53.0,1.49
1091514,1993,50.0,2.12
1091515,1993,93.0,4.23
1091516,1993,62.0,1.42
1091517,1993,84.0,4.39
1091518,1993,83.0,3.47
1091519,1993,56.0,1.49
1091520,1993,87.0,4.21
1091521,1993,60.0,1.54
1091534,1993,61.0,2.02
1091535,1993,112.0,3.42
1091536,1993,46.0,1.52
1091537,1993,94.0,4.41
1091538,1993,59.0,1.53
1091539,1993,92.0,4.19
1091540,1993,71.0,3.47
1091553,1993,52.0,1.39
1091554,1993,95.0,4.05
1091555,1993,52.0,1.52
1091556,1993,88.0,4.21
1091557,1993,54.0,1.46
1091558,1993,86.0,4.10
1091559,1993,56.0,1.31
1091560,1993,77.0,4.25
1092340,1993,57.0,1.44
1092342,1993,63.0,1.28
1092343,1993,87.0,4.14
1092344,1993,51.0,2.00
1092345,1993,88.0,4.41
1092346,1993,58.0,2.04
1092359,1993,56.0,1.44
1092360,1993,83.0,4.33
1092361,1993,54.0,1.54
1092362,1993,88.0,4.33
1092363,1993,50.0,2.08
1092364,1993,84.0,4.39
1092365,1993,63.0,2.41
1092366,1993,82.0,4.47
1092368,1993,108.0,4.40
1092379,1993,52.0,1.43
1092380,1993,90.0,4.19
1092381,1993,58.0,1.43
1092382,1993,86.0,4.29
1092383,1993,52.0,1.55
1092384,1993,82.0,4.43
1092385,1993,64.0,2.04
1092386,1993,80.0,3.59
1092387,1993,56.0,1.59
1092399,1993,55.0,1.58
1092400,1993,93.0,4.41
1092401,1993,58.0,2.04
1092402,1993,92.0,4.35
1092403,1993,56.0,1.43
1092404,1993,88.0,4.07
1092405,1993,49.0,2.10
1092406,1993,87.0,4.38
1092407,1993,74.0,2.37
1092409,1993,52.0,1.43
1092420,1993,46.0,1.58
1092421,1993,88.0,4.36
1092422,1993,53.0,1.41
1092423,1993,90.0,4.26
1092424,1993,83.0,4.05
1092425,1993,89.0,4.07
1092426,1993,55.0,1.48
1092438,1993,89.0,1.45
1092439,1993,85.0,4.53
1092440,1993,52.0,2.03
1092441,1993,90.0,4.31
1092442,1993,61.0,1.59
1092443,1993,89.0,4.31
1092444,1993,59.0,1.42
1092446,1993,70.0,2.00
1092457,1993,81.0,4.37
1092458,1993,59.0,2.12
1092459,1993,86.0,4.36
1092460,1993,62.0,2.15
1092461,1993,94.0,4.41
1092462,1993,64.0,2.05
1092463,1993,78.0,4.27
1092464,1993,64.0,2.06
1092465,1993,81.0,4.21
1092476,1993,52.0,1.59
1092477,1993,85.0,4.15
1092478,1993,78.0,3.46
1092479,1993,58.0,2.10
1092480,1993,88.0,4.50
1092481,1993,53.0,1.40
1092482,1993,92.0,4.44
1092483,1993,53.0,1.49
1092484,1993,88.0,4.39
1092495,1993,85.0,4.11
1092496,1993,74.0,1.47
1092497,1993,95.0,4.48
1092498,1993,47.0,1.45
1092499,1993,90.0,4.35
1092500,1993,52.0,1.36
1092501,1993,94.0,4.36
1092513,1993,78.0,4.08
1092514,1993,73.0,1.44
1092515,1993,84.0,4.49
1092516,1993,87.0,4.06
1092517,1993,86.0,4.24
1092518,1993,79.0,4.34
1092519,1993,62.0,1.52
1092520,1993,84.0,4.47
1092531,1993,49.0,1.40
1092532,1993,95.0,4.47
1092533,1993,56.0,1.48
1092534,1993,85.0,4.40
1092535,1993,69.0,1.57
1092536,1993,90.0,4.45
1092537,1993,53.0,2.04
1092539,1993,54.0,1.55
1092550,1993,62.0,1.40
1092551,1993,91.0,4.38
1092552,1993,63.0,1.48
1092553,1993,82.0,4.13
1092554,1993,86.0,3.57
1092555,1993,66.0,2.06
1092556,1993,79.0,4.24
1092557,1993,63.0,1.48
1092569,1993,84.0,4.21
1092570,1993,63.0,1.46
1092571,1993,78.0,4.38
1092572,1993,83.0,4.03
1092573,1993,55.0,1.49
1092574,1993,86.0,4.37
1092575,1993,77.0,1.57
1092589,1993,88.0,4.34
1092590,1993,82.0,4.09
1092591,1993,78.0,4.30
1092592,1993,62.0,2.16
1092593,1993,94.0,4.34
1092594,1993,52.0,1.53
1092595,1993,83.0,4.05
1092607,1993,66.0,2.12
1092608,1993,91.0,4.55
1092609,1993,76.0,4.20
1092610,1993,81.0,3.52
1092611,1993,82.0,4.29
1092612,1993,52.0,2.00
1092613,1993,89.0,5.06
1092614,1993,55.0,2.10
1092626,1993,61.0,1.17
1092627,1993,98.0,4.44
1092628,1993,85.0,4.35
1092629,1993,77.0,4.27
1092630,1993,75.0,3.53
1092631,1993,77.0,4.06
1092632,1993,61.0,2.02
1092633,1993,93.0,4.48
1092645,1993,58.0,1.56
1092646,1993,79.0,4.30
1092647,1993,69.0,2.00
1092648,1993,80.0,4.08
1092649,1993,55.0,1.57
1092650,1993,90.0,4.43
1092651,1993,54.0,1.57
1092652,1993,95.0,4.34
1092664,1993,75.0,3.43
1092665,1993,61.0,2.20
1092666,1993,103.0,4.24
1092667,1993,60.0,1.59
1092668,1993,85.0,4.21
1092669,1993,54.0,2.07
1092670,1993,85.0,4.05
1092683,1993,60.0,1.56
1092684,1993,84.0,4.49
1092685,1993,65.0,2.00
1092686,1993,82.0,4.04
1092687,1993,80.0,3.50
1092688,1993,76.0,3.53
1092689,1993,148.0,4.06
1092699,1993,77.0,4.30
1092700,1993,91.0,3.58
1092701,1993,74.0,4.02
1092702,1993,86.0,4.00
1092703,1993,49.0,1.51
1092704,1993,99.0,4.19
1092705,1993,51.0,1.50
1092720,1993,57.0,1.44
1092721,1993,91.0,4.44
1092722,1993,58.0,1.57
1092723,1993,89.0,4.44
1092724,1993,62.0,1.47
1092725,1993,86.0,4.51
1092726,1993,69.0,1.52
1092738,1993,97.0,4.50
1092739,1993,55.0,2.08
1092740,1993,97.0,5.01
1092741,1993,58.0,1.52
1092742,1993,83.0,4.56
1092743,1993,63.0,1.54
1092744,1993,80.0,4.34
1092745,1993,93.0,4.02
1092746,1993,155.0,1.50
1092748,1993,85.0,4.24
1092749,1993,67.0,1.49
1092750,1993,91.0,4.40
1092751,1993,54.0,1.30
1092752,1993,88.0,4.25
1092753,1993,78.0,3.56
1092754,1993,56.0,1.45
1092768,1993,63.0,1.48
1092770,1993,90.0,4.04
1092771,1993,83.0,4.30
1092773,1993,81.0,4.10
1092785,1993,94.0,4.48
1092786,1993,80.0,4.00
1092787,1993,55.0,1.30
1092788,1993,89.0,4.42
1092789,1993,53.0,1.55
1092790,1993,93.0,4.35
1092791,1993,52.0,1.52
1092792,1993,96.0,4.36
1092793,1993,56.0,1.49
1092805,1993,87.0,4.38
1092806,1993,57.0,1.49
1092807,1993,95.0,4.38
1092808,1993,59.0,1.54
1092809,1993,94.0,4.18
1092810,1993,62.0,1.54
1092811,1993,95.0,4.45
1092812,1993,51.0,1.51
1092824,1993,82.0,4.09
1092825,1993,79.0,4.08
1092826,1993,73.0,4.00
1092827,1993,89.0,3.53
1092828,1993,81.0,3.58
1092829,1993,78.0,4.17
1092843,1993,63.0,2.49
1092844,1993,87.0,4.25
1092845,1993,77.0,3.41
1092846,1993,85.0,4.02
1092847,1993,63.0,2.00
1092848,1993,91.0,4.30
1092849,1993,58.0,2.03
1092850,1993,80.0,4.34
1093327,1993,60.0,1.46
1093328,1993,98.0,4.25
1093329,1993,57.0,1.54
1093330,1993,86.0,4.07
1093331,1993,57.0,2.05
1093332,1993,84.0,4.19
1093333,1993,59.0,1.50
1093334,1993,81.0,4.29
1093346,1993,87.0,3.48
1093347,1993,53.0,2.07
1093348,1993,85.0,4.24
1093349,1993,71.0,2.02
1093350,1993,91.0,4.56
1093351,1993,69.0,2.09
1093366,1993,94.0,4.22
1093367,1993,53.0,2.15
1093368,1993,89.0,3.55
1093369,1993,63.0,1.53
1093370,1993,87.0,4.38
1093371,1993,48.0,1.38
1093384,1993,88.0,4.29
1093385,1993,72.0,3.42
1093386,1993,79.0,4.00
1093387,1993,88.0,3.40
1093388,1993,94.0,4.26
1093389,1993,57.0,2.39
1093390,1993,103.0,4.34
1093391,1993,67.0,2.39
1093402,1993,53.0,1.49
1093403,1993,94.0,4.33
1093404,1993,78.0,4.06
1093405,1993,65.0,2.03
1093406,1993,79.0,4.34
1093407,1993,75.0,3.50
1093408,1993,75.0,3.57
1093410,1993,82.0,4.31
1093411,1993,60.0,1.58
1093412,1993,97.0,4.27
1093413,1993,75.0,3.36
1093414,1993,50.0,1.45
1093415,1993,90.0,4.12
1093418,1993,87.0,4.39
1093419,1993,58.0,2.04
1093420,1993,94.0,4.22
1093421,1993,81.0,3.53
1093422,1993,66.0,2.03
1093423,1993,90.0,4.30
1093427,1993,78.0,2.42
1093428,1993,87.0,4.09
1093429,1993,53.0,1.41
1093430,1993,90.0,4.23
1093431,1993,72.0,3.50
1093432,1993,87.0,3.59
1093435,1993,57.0,1.50
1093436,1993,83.0,4.37
1093437,1993,61.0,1.40
1093438,1993,90.0,4.46
1093439,1993,64.0,1.53
1093442,1993,67.0,1.51
1093443,1993,99.0,4.25
1093444,1993,82.0,4.18
1093445,1993,63.0,2.02
1093446,1993,86.0,4.31
1093447,1993,51.0,1.44
1093448,1993,91.0,4.38
1093450,1993,54.0,2.00
1093451,1993,87.0,4.35
1093452,1993,48.0,2.01
1093453,1993,94.0,4.49
1093454,1993,54.0,1.48
1093455,1993,85.0,4.40
1093456,1993,63.0,1.54
1093457,1993,83.0,4.22
1093458,1993,67.0,1.53
1093461,1993,55.0,1.47
1093462,1993,88.0,4.28
1093463,1993,58.0,2.08
1093464,1993,96.0,4.29
1093465,1993,73.0,1.49
1093466,1993,74.0,4.32
1093467,1993,67.0,1.53
1093471,1993,52.0,1.52
1093472,1993,94.0,4.21
1093473,1993,56.0,1.52
1093474,1993,97.0,4.50
1093475,1993,46.0,1.58
1093476,1993,96.0,4.43
1093477,1993,51.0,1.46
1093478,1993,90.0,4.35
1093480,1993,91.0,3.01
1093481,1993,71.0,4.10
1093483,1993,58.0,1.52
1093484,1993,89.0,4.28
1093485,1993,60.0,1.53
1093488,1993,76.0,3.23
1093489,1993,85.0,4.16
1093490,1993,99.0,4.10
1093491,1993,80.0,4.13
1093497,1993,105.0,4.34
1093498,1993,56.0,1.51
1093499,1993,84.0,4.09
1093500,1993,66.0,1.47
1093501,1993,90.0,4.44
1093504,1993,59.0,2.21
1093505,1993,82.0,4.29
1093506,1993,84.0,3.28
1093507,1993,77.0,4.26
1093508,1993,65.0,1.38
1093509,1993,89.0,4.19
1093512,1993,89.0,4.32
1093513,1993,56.0,1.23
1093514,1993,84.0,4.08
1093515,1993,53.0,1.51
1093516,1993,96.0,4.35
1093518,1993,60.0,1.59
1093519,1993,88.0,4.33
1093520,1993,51.0,1.43
1093521,1993,99.0,4.34
1093522,1993,57.0,2.09
1093525,1993,80.0,4.27
1093526,1993,55.0,1.39
1093527,1993,90.0,4.41
1093528,1993,65.0,1.12
1093530,1993,92.0,4.23
1093531,1993,77.0,3.47
1093532,1993,86.0,4.13
1093533,1993,85.0,4.22
1093534,1993,81.0,4.28
1094255,1993,63.0,1.57
1094256,1993,86.0,4.27
1094257,1993,56.0,2.09
1094258,1993,86.0,4.26
1094259,1993,79.0,3.43
1094260,1993,85.0,3.50
1094262,1993,82.0,4.15
1094263,1993,89.0,3.58
1094264,1993,82.0,4.15
1094265,1993,90.0,4.02
1094266,1993,92.0,4.16
1094268,1993,78.0,4.00
1094269,1993,71.0,2.25
1094270,1993,84.0,4.36
1094271,1993,77.0,3.55
1094272,1993,81.0,3.39
1094273,1993,78.0,4.08
1094275,1993,54.0,1.54
1094276,1993,92.0,4.28
1094277,1993,56.0,1.50
1094278,1993,83.0,4.28
1094279,1993,157.0,3.50
1094281,1993,54.0,2.03
1094282,1993,90.0,4.20
1094283,1993,60.0,1.56
1094284,1993,95.0,4.24
1094285,1993,56.0,2.03
1094286,1993,90.0,4.30
1094288,1993,53.0,2.10
1094289,1993,82.0,4.37
1094290,1993,75.0,1.58
1094291,1993,82.0,4.48
1094292,1993,60.0,2.34
1094293,1993,102.0,4.21
1094295,1993,73.0,3.53
1094296,1993,88.0,4.14
1094297,1993,80.0,4.08
1094298,1993,62.0,1.55
1094299,1993,100.0,4.44
1094300,1993,78.0,4.10
1094302,1993,86.0,4.33
1094303,1993,80.0,3.49
1094304,1993,87.0,4.07
1094305,1993,82.0,3.58
1094306,1993,76.0,3.54
1094307,1993,77.0,4.09
1094309,1993,56.0,1.54
1094310,1993,90.0,4.38
1094311,1993,58.0,1.43
1094312,1993,90.0,4.31
1094313,1993,54.0,2.03
1094314,1993,94.0,4.40
1094316,1993,73.0,3.30
1094317,1993,78.0,3.37
1094318,1993,77.0,4.15
1094319,1993,77.0,3.53
1094320,1993,74.0,3.40
1094321,1993,77.0,3.58
1094322,1993,35.0,3.34
1094323,1993,192.0,4.01
1094326,1993,70.0,3.54
1094327,1993,90.0,4.08
1094328,1993,57.0,1.45
1094329,1993,82.0,4.25
1094330,1993,76.0,3.25
1094331,1993,75.0,4.10
1094333,1993,82.0,4.38
1094334,1993,78.0,3.49
1094335,1993,93.0,3.24
1094336,1993,93.0,4.18
1094337,1993,51.0,1.43
1094338,1993,88.0,4.32
1094342,1993,74.0,3.53
1094343,1993,85.0,3.53
1094344,1993,77.0,3.34
1094345,1993,74.0,4.05
1094347,1993,91.0,4.10
1094348,1993,86.0,3.49
1094349,1993,76.0,3.58
1094350,1993,91.0,4.03
1094351,1993,78.0,3.54
1094352,1993,85.0,4.14
1094355,1993,92.0,4.31
1094356,1993,64.0,1.45
1094357,1993,92.0,4.24
1094358,1993,47.0,1.54
1094359,1993,95.0,4.43
1094360,1993,56.0,2.04
1096286,1993,96.0,4.21
1096287,1993,51.0,1.52
1096288,1993,90.0,4.32
1096289,1993,49.0,1.44
1096290,1993,89.0,4.35
1096291,1993,53.0,1.44
1096294,1993,87.0,4.34
1096295,1993,53.0,1.58
1096296,1993,100.0,4.24
1096297,1993,54.0,2.02
1096298,1993,93.0,4.34
1096299,1993,63.0,1.43
1096301,1993,75.0,4.06
1096302,1993,76.0,2.51
1096303,1993,84.0,4.21
1096304,1993,78.0,3.47
1096305,1993,90.0,4.01
1096306,1993,48.0,1.53
1096307,1993,93.0,4.45
1096309,1993,51.0,1.44
1096310,1993,86.0,4.35
1096311,1993,53.0,1.53
1096312,1993,94.0,4.31
1096313,1993,49.0,1.57
1096314,1993,83.0,4.22
1096316,1993,57.0,1.54
1096317,1993,91.0,4.48
1096318,1993,56.0,1.45
1096319,1993,91.0,4.44
1096320,1993,55.0,1.42
1096321,1993,86.0,4.48
1096324,1993,86.0,4.20
1096325,1993,51.0,1.57
1096326,1993,96.0,4.28
1096327,1993,55.0,1.43
1096328,1993,93.0,4.36
1096329,1993,55.0,1.51
1096330,1993,97.0,4.45
1096331,1993,49.0,1.50
1096333,1993,88.0,4.00
1096334,1993,52.0,1.52
1096335,1993,94.0,4.45
1096336,1993,59.0,1.44
1096337,1993,90.0,4.48
1096338,1993,62.0,2.00
1096339,1993,96.0,4.37
1096341,1993,66.0,2.05
1096342,1993,93.0,4.24
1096343,1993,61.0,2.01
1096344,1993,93.0,4.28
1096345,1993,70.0,1.38
1096347,1993,83.0,4.35
1096348,1993,66.0,2.17
1096349,1993,97.0,4.26
1096350,1993,57.0,1.52
1096351,1993,97.0,4.21
1096352,1993,53.0,1.49
1096355,1993,60.0,1.55
1096356,1993,81.0,4.29
1096357,1993,92.0,3.43
1096358,1993,82.0,4.15
1096359,1993,60.0,1.43
1096362,1993,49.0,1.43
1096363,1993,87.0,4.34
1096364,1993,69.0,2.39
1096365,1993,77.0,4.22
1096366,1993,86.0,4.12
1096367,1993,54.0,2.11
1096369,1993,96.0,4.46
1096370,1993,44.0,2.00
1096371,1993,93.0,4.30
1096372,1993,63.0,1.56
1096373,1993,84.0,4.35
1096376,1993,93.0,4.29
1096377,1993,59.0,1.49
1096378,1993,98.0,4.25
1096379,1993,70.0,3.45
1096380,1993,60.0,2.04
1096381,1993,94.0,4.43
1096384,1993,84.0,4.43
1096385,1993,58.0,1.47
1096386,1993,83.0,4.28
1096387,1993,80.0,3.51
1096388,1993,95.0,4.11
1096389,1993,92.0,4.07
1096392,1993,82.0,3.53
1096393,1993,78.0,4.08
1096394,1993,73.0,3.52
1096395,1993,87.0,3.48
1096396,1993,82.0,4.26
1096397,1993,54.0,1.49
1096401,1993,78.0,4.28
1096402,1993,84.0,4.03
1096403,1993,61.0,2.19
1096404,1993,82.0,4.26
1096405,1993,85.0,3.42
1096406,1993,86.0,4.01
1096408,1993,78.0,4.05
1096409,1993,91.0,3.48
1096410,1993,88.0,4.16
1096411,1993,75.0,4.17
1096412,1993,55.0,1.50
1096413,1993,88.0,4.27
1096415,1993,91.0,4.45
1096416,1993,55.0,1.40
1096417,1993,81.0,4.26
1096418,1993,66.0,2.21
1096419,1993,89.0,4.51
1096420,1993,63.0,2.01
1096423,1993,78.0,4.02
1096424,1993,79.0,4.31
1096425,1993,77.0,3.34
1096426,1993,80.0,4.25
1096427,1993,63.0,1.22
1096428,1993,89.0,4.44
1096431,1993,91.0,4.24
1096432,1993,66.0,1.54
1096433,1993,89.0,4.38
1096434,1993,61.0,2.00
1096435,1993,94.0,4.38
1096438,1993,54.0,1.57
1096439,1993,91.0,4.36
1096440,1993,72.0,3.37
1096441,1993,88.0,4.01
1096442,1993,57.0,2.06
1096445,1993,69.0,2.30
1096446,1993,83.0,4.18
1096447,1993,54.0,1.50
1096448,1993,95.0,4.48
1096449,1993,54.0,1.54
1096450,1993,84.0,4.30
1096451,1993,79.0,3.20
1096453,1993,68.0,3.20
1096455,1993,77.0,4.10
1096456,1993,56.0,2.14
1096457,1993,89.0,4.13
1096458,1993,80.0,4.03
1096459,1993,93.0,4.07
1096460,1993,89.0,4.16
1096465,1993,55.0,1.45
1096466,1993,85.0,4.53
1096467,1993,68.0,2.07
1096468,1993,91.0,4.38
1096469,1993,77.0,3.34
1096470,1993,53.0,1.49
1096472,1993,99.0,4.28
1096473,1993,84.0,4.22
1096474,1993,91.0,4.11
1096475,1993,87.0,4.16
1096476,1993,58.0,2.01
1096477,1993,93.0,4.35
1096478,1993,57.0,2.34
1096481,1993,94.0,4.43
1096482,1993,83.0,4.08
1096483,1993,59.0,1.53
1096484,1993,96.0,4.37
1096485,1993,91.0,4.07
1096486,1993,86.0,4.13
1096492,1993,47.0,1.44
1096493,1993,101.0,4.17
1096494,1993,85.0,4.30
1096495,1993,62.0,2.03
1096496,1993,91.0,4.55
1096497,1993,64.0,1.51
1096498,1993,96.0,4.28
1096499,1993,50.0,1.43
1096501,1993,87.0,4.14
1096502,1993,85.0,5.04
1096504,1993,52.0,1.57
1096505,1993,96.0,4.24
1096506,1993,45.0,1.51
1096507,1993,88.0,4.34
1096511,1993,82.0,4.23
1096512,1993,64.0,1.56
1096513,1993,93.0,4.28
1096514,1993,60.0,2.02
1096515,1993,97.0,4.40
1096516,1993,82.0,3.50
1096521,1993,49.0,1.39
1096522,1993,88.0,4.03
1096523,1993,51.0,1.59
1096524,1993,90.0,4.49
1096525,1993,53.0,1.40
1096526,1993,88.0,4.28
1096527,1993,45.0,1.56
1096533,1993,84.0,4.36
1096534,1993,57.0,2.04
1096535,1993,96.0,4.21
1096537,1993,110.0,4.20
1096538,1993,57.0,4.15
1099056,1993,84.0,4.52
1099057,1993,65.0,2.59
1099058,1993,92.0,4.43
1099059,1993,71.0,2.16
1099060,1993,91.0,4.38
1099061,1993,64.0,1.48
1099063,1993,89.0,4.17
1099064,1993,56.0,2.25
1099065,1993,99.0,4.53
1099066,1993,81.0,3.36
1099067,1993,76.0,4.25
1099069,1993,53.0,1.42
1099071,1993,84.0,4.09
1099072,1993,56.0,2.09
1099073,1993,84.0,5.04
1099074,1993,62.0,1.54
1099075,1993,105.0,4.42
1099076,1993,50.0,1.59
1099077,1993,87.0,4.44
1099080,1993,76.0,4.05
1099081,1993,85.0,4.05
1099082,1993,82.0,3.44
1099083,1993,83.0,4.15
1099084,1993,91.0,4.08
1099086,1993,75.0,3.32
1099087,1993,95.0,4.03
1099088,1993,75.0,4.12
1099089,1993,91.0,4.10
1099090,1993,95.0,3.43
1099094,1993,86.0,4.42
1099095,1993,74.0,3.15
1099096,1993,92.0,4.26
1099097,1993,86.0,3.56
1099098,1993,78.0,3.58
1099099,1993,56.0,1.47
1099100,1993,96.0,4.32
1099102,1993,96.0,4.12
1099103,1993,82.0,3.27
1099104,1993,88.0,4.34
1099105,1993,85.0,3.35
1099106,1993,80.0,4.25
1099107,1993,58.0,1.58
1099108,1993,97.0,4.40
1099109,1993,93.0,3.39
1099110,1993,82.0,4.03
1099113,1993,64.0,1.47
1099114,1993,95.0,4.58
1099115,1993,65.0,1.54
1099116,1993,83.0,4.38
1099117,1993,89.0,3.59
1099118,1993,85.0,4.16
1099119,1993,53.0,1.50
1099120,1993,92.0,5.11
1099121,1993,51.0,2.04
1099122,1993,98.0,4.14
1099124,1993,62.0,2.03
1099125,1993,86.0,4.30
1099126,1993,64.0,2.07
1099127,1993,90.0,4.21
1099128,1993,63.0,1.45
1099129,1993,84.0,4.35
1099130,1993,81.0,4.12
1099131,1993,74.0,3.51
1099132,1993,58.0,2.32
1099134,1993,58.0,2.04
1099135,1993,88.0,4.45
1099136,1993,70.0,2.02
1099137,1993,85.0,4.30
1099138,1993,63.0,1.44
1099139,1993,92.0,4.30
1099140,1993,60.0,1.57
1099141,1993,86.0,4.21
1099142,1993,51.0,1.50
1099144,1993,90.0,4.53
1099145,1993,60.0,1.44
1099146,1993,88.0,4.30
1099147,1993,71.0,2.32
1099148,1993,90.0,4.32
1099149,1993,57.0,2.06
1099150,1993,96.0,4.30
1099151,1993,81.0,4.01
1099152,1993,86.0,4.28
1099155,1993,68.0,2.00
1099156,1993,94.0,4.26
1099157,1993,66.0,2.02
1099158,1993,97.0,4.34
1099159,1993,58.0,1.52
1099160,1993,85.0,4.17
1099161,1993,66.0,2.15
1099162,1993,86.0,4.25
1099163,1993,75.0,2.11
1099164,1993,80.0,4.28
1099167,1993,63.0,1.56
1099168,1993,91.0,4.26
1099169,1993,60.0,2.07
1099170,1993,90.0,4.28
1099171,1993,58.0,2.25
1099172,1993,85.0,4.40
1099173,1993,58.0,1.28
1099174,1993,89.0,4.40
1099175,1993,49.0,1.43
1099176,1993,97.0,4.37
1099177,1993,61.0,1.47
1099178,1993,71.0,4.36
1099180,1993,57.0,2.17
1099181,1993,92.0,4.20
1099182,1993,90.0,4.05
1099183,1993,80.0,4.10
1099184,1993,69.0,2.22
1099185,1993,86.0,5.00
1099186,1993,70.0,2.36
1099187,1993,83.0,4.16
1099188,1993,83.0,3.48
1099190,1993,87.0,4.18
1099191,1993,79.0,3.58
1099192,1993,83.0,4.20
1099193,1993,81.0,3.49
1099194,1993,53.0,1.57
1099195,1993,153.0,4.56
1099196,1993,90.0,4.45
1099197,1993,60.0,1.43
1099198,1993,91.0,4.35
1099203,1993,22.0,4.10
1099204,1993,67.0,2.39
1099205,1993,81.0,4.45
1099206,1993,86.0,4.05
1099207,1993,84.0,4.07
1099208,1993,50.0,1.45
1099209,1993,93.0,4.34
1099210,1993,54.0,1.48
1099211,1993,105.0,4.40
1099212,1993,51.0,2.03
1099216,1993,80.0,3.52
1099217,1993,91.0,4.16
1099218,1993,53.0,1.55
1099219,1993,84.0,4.40
1099220,1993,85.0,3.55
1099221,1993,89.0,3.59
1099222,1993,89.0,4.31
1099223,1993,87.0,4.19
1099224,1993,58.0,1.52
1099225,1993,80.0,4.27
1099229,1993,92.0,4.00
1099230,1993,94.0,4.15
1099231,1993,79.0,4.12
1099232,1993,59.0,2.01
1099233,1993,82.0,4.16
1099234,1993,76.0,4.11
1099235,1993,76.0,3.57
1099236,1993,75.0,3.15
1099237,1993,53.0,1.51
1099238,1993,85.0,4.28
1099239,1993,70.0,2.07
1099241,1993,68.0,2.23
1099243,1993,58.0,3.45
1099244,1993,84.0,4.30
1099245,1993,57.0,1.38
1099246,1993,89.0,4.23
1099247,1993,59.0,1.52
1099248,1993,85.0,4.24
1099249,1993,82.0,3.38
1099250,1993,80.0,3.51
1099251,1993,86.0,4.10
1099252,1993,83.0,4.03
1099253,1993,59.0,1.53
1099257,1993,80.0,4.07
1099258,1993,81.0,3.47
1099259,1993,70.0,1.48
1099260,1993,85.0,4.30
1099261,1993,79.0,3.54
1099262,1993,87.0,4.17
1099263,1993,75.0,3.56
1099264,1993,86.0,4.08
1099265,1993,57.0,1.47
1099268,1993,78.0,4.22
1099269,1993,100.0,3.13
1099270,1993,78.0,4.25
1099271,1993,79.0,3.43
1099272,1993,72.0,4.17
1099273,1993,92.0,1.38
1099274,1993,56.0,4.06
1099275,1993,87.0,2.11
1099276,1993,73.0,4.15
1099277,1993,83.0,3.59
1099278,1993,90.0,4.13
1099283,1993,80.0,4.05
1099284,1993,76.0,4.00
1099285,1993,75.0,3.59
1099286,1993,85.0,3.30
1099287,1993,87.0,4.29
1099288,1993,55.0,1.45
1099289,1993,94.0,4.44
1099290,1993,57.0,2.08
1099291,1993,96.0,4.53
1099299,1993,83.0,4.05
1099300,1993,88.0,4.11
1099301,1993,84.0,4.15
1099302,1993,68.0,2.15
1099303,1993,102.0,4.47
1099304,1993,59.0,1.54
1099305,1993,94.0,4.31
1099306,1993,52.0,2.01
1099307,1993,86.0,4.35
1099308,1993,161.0,2.24
1099317,1993,84.0,3.48
1099318,1993,84.0,4.31
1099319,1993,62.0,1.46
1099320,1993,89.0,4.55
1099321,1993,68.0,1.55
1099322,1993,99.0,4.44
1099323,1993,45.0,1.56
1099324,1993,92.0,4.24
1099325,1993,56.0,1.58
1099326,1993,89.0,4.25
1099335,1993,54.0,1.40
1099336,1993,90.0,4.00
1099337,1993,86.0,3.18
1099338,1993,87.0,4.15
1099339,1993,83.0,4.14
1099340,1993,57.0,1.50
1099341,1993,96.0,4.31
1099342,1993,47.0,1.47
1099343,1993,105.0,4.26
1099344,1993,55.0,1.42
1099345,1993,85.0,4.18
1099355,1993,82.0,4.30
1099356,1993,78.0,4.25
1099357,1993,102.0,4.13
1099358,1993,45.0,1.54
1099359,1993,87.0,4.27
1099360,1993,87.0,3.49
1099361,1993,76.0,4.08
1099362,1993,61.0,1.45
1099363,1993,96.0,4.40
1099364,1993,76.0,3.51
1099373,1993,97.0,4.20
1099374,1993,60.0,2.01
1099375,1993,89.0,4.35
1099376,1993,70.0,2.50
1099377,1993,88.0,4.23
1099378,1993,52.0,2.00
1099379,1993,86.0,4.35
1099380,1993,57.0,1.40
1099381,1993,92.0,4.38
1099382,1993,52.0,1.49
1099383,1993,84.0,4.54
1099392,1993,82.0,3.57
1099393,1993,77.0,3.51
1099394,1993,90.0,4.17
1099395,1993,87.0,3.59
1099396,1993,88.0,4.40
1099397,1993,52.0,1.42
1099398,1993,91.0,4.26
1099399,1993,57.0,1.53
1099400,1993,84.0,4.45
1099409,1993,97.0,4.00
1099410,1993,66.0,1.51
1099411,1993,75.0,4.29
1099412,1993,59.0,1.56
1099413,1993,93.0,4.16
1099414,1993,83.0,4.04
1099415,1993,63.0,1.57
1099416,1993,81.0,4.53
1099417,1993,77.0,3.50
1099418,1993,76.0,3.59
1099430,1993,78.0,3.28
1099431,1993,52.0,2.00
1099432,1993,98.0,4.42
1099434,1993,94.0,4.44
1099435,1993,51.0,1.50
1099436,1993,88.0,4.23
1099437,1993,56.0,1.58
1099438,1993,96.0,4.48
1099439,1993,63.0,1.50
1102678,1993,82.0,4.35
1102680,1993,81.0,2.00
1102681,1993,70.0,4.26
1102682,1993,90.0,4.17
1102683,1993,75.0,1.44
1102684,1993,57.0,4.40
1102685,1993,102.0,1.57
1102686,1993,71.0,4.36
1102687,1993,92.0,1.52
1102688,1993,51.0,4.38
1102689,1993,87.0,2.04
1102693,1993,86.0,3.59
1102694,1993,59.0,2.01
1102695,1993,84.0,4.32
1102696,1993,79.0,3.42
1102697,1993,88.0,4.23
1102698,1993,56.0,1.56
1102699,1993,97.0,4.39
1102700,1993,53.0,1.41
1102701,1993,104.0,4.23
1102702,1993,81.0,4.07
1102703,1993,144.0,1.54
1102705,1993,90.0,4.26
1102706,1993,80.0,4.13
1102707,1993,71.0,3.01
1102708,1993,93.0,4.25
1102709,1993,51.0,1.45
1102710,1993,101.0,4.27
1102711,1993,81.0,3.55
1102712,1993,49.0,2.17
1102713,1993,90.0,4.30
1102714,1993,51.0,1.43
1102715,1993,86.0,4.41
1102719,1993,88.0,4.11
1102720,1993,82.0,4.28
1102721,1993,55.0,1.50
1102722,1993,86.0,4.35
1102723,1993,79.0,3.41
1102724,1993,83.0,4.10
1102725,1993,83.0,3.12
1102726,1993,85.0,4.34
1102727,1993,148.0,1.59
1102729,1993,59.0,1.50
1102730,1993,85.0,4.22
1102731,1993,57.0,2.20
1102732,1993,92.0,4.12
1102733,1993,62.0,1.44
1102734,1993,86.0,4.31
1102735,1993,50.0,1.55
1102736,1993,93.0,4.52
1102737,1993,65.0,2.28
1102738,1993,98.0,4.42
1102741,1993,90.0,4.30
1102742,1993,80.0,4.00
1102743,1993,87.0,4.00
1102744,1993,76.0,3.58
1102745,1993,73.0,3.20
1102746,1993,80.0,4.25
1102747,1993,79.0,3.36
1102748,1993,65.0,1.51
1102749,1993,100.0,4.19
1102753,1993,94.0,3.04
1102754,1993,78.0,3.51
1102755,1993,83.0,4.17
1102756,1993,49.0,1.43
1102757,1993,103.0,4.55
1102758,1993,64.0,1.54
1102759,1993,80.0,4.26
1102760,1993,55.0,1.48
1102761,1993,100.0,4.22
1102762,1993,83.0,4.10
1102765,1993,84.0,4.20
1102766,1993,75.0,3.30
1102767,1993,82.0,4.10
1102768,1993,77.0,3.52
1102769,1993,74.0,4.06
1102770,1993,81.0,3.39
1102771,1993,70.0,2.46
1102772,1993,100.0,4.43
1102773,1993,55.0,1.46
1102774,1993,88.0,4.39
1102776,1993,80.0,3.59
1102777,1993,59.0,2.16
1102778,1993,95.0,4.22
1102779,1993,56.0,1.57
1102780,1993,88.0,4.43
1102781,1993,77.0,3.44
1102782,1993,88.0,4.23
1102783,1993,65.0,1.58
1102784,1993,80.0,4.27
1102785,1993,52.0,1.44
1102786,1993,98.0,4.32
1102790,1993,95.0,4.20
1102791,1993,43.0,1.44
1102792,1993,96.0,4.30
1102793,1993,60.0,1.43
1102794,1993,101.0,4.41
1102795,1993,43.0,1.50
1102796,1993,82.0,4.27
1102797,1993,55.0,1.42
1102798,1993,89.0,4.18
1102799,1993,81.0,3.44
1102802,1993,75.0,3.49
1102803,1993,59.0,1.48
1102804,1993,89.0,4.42
1102805,1993,54.0,1.41
1102806,1993,86.0,4.28
1102807,1993,68.0,2.02
1102808,1993,88.0,4.24
1102809,1993,57.0,1.59
1102810,1993,94.0,4.30
1102811,1993,70.0,1.48
1102814,1993,88.0,3.43
1102815,1993,85.0,4.12
1102816,1993,56.0,1.42
1102817,1993,87.0,4.25
1102818,1993,59.0,1.41
1102819,1993,89.0,4.44
1102820,1993,77.0,3.32
1102821,1993,86.0,3.57
1102822,1993,85.0,4.04
1102824,1993,65.0,2.01
1102825,1993,89.0,4.27
1102826,1993,63.0,2.36
1102827,1993,86.0,4.26
1102828,1993,58.0,1.52
1102829,1993,95.0,4.30
1102830,1993,60.0,1.57
1102831,1993,86.0,4.34
1102832,1993,61.0,1.50
1102833,1993,90.0,4.28
1102834,1993,53.0,1.54
1102835,1993,89.0,4.26
1102837,1993,84.0,4.10
1102838,1993,87.0,2.42
1102839,1993,86.0,4.04
1102840,1993,79.0,4.04
1102841,1993,53.0,1.60
1102842,1993,92.0,4.26
1102843,1993,53.0,2.02
1102844,1993,92.0,4.34
1102845,1993,56.0,1.48
1102846,1993,92.0,4.34
1102847,1993,62.0,2.12
1102850,1993,95.0,4.19
1102851,1993,50.0,1.48
1102852,1993,98.0,4.54
1102853,1993,60.0,1.51
1102854,1993,94.0,4.20
1102855,1993,47.0,1.38
1102856,1993,87.0,4.48
1102857,1993,49.0,1.43
1102858,1993,87.0,4.43
1102859,1993,57.0,1.55
1102860,1993,92.0,3.50
1102862,1993,61.0,1.49
1102863,1993,85.0,3.47
1102864,1993,85.0,3.47
1102865,1993,93.0,4.20
1102866,1993,46.0,1.43
1102867,1993,96.0,4.34
1102868,1993,59.0,1.45
1102869,1993,80.0,4.29
1102870,1993,75.0,2.15
1102871,1993,83.0,4.16
1102874,1993,58.0,2.06
1102875,1993,100.0,4.41
1102876,1993,62.0,2.13
1102877,1993,92.0,4.33
1102878,1993,66.0,1.55
1102880,1993,84.0,4.30
1102881,1993,57.0,1.43
1102882,1993,86.0,4.21
1102883,1993,83.0,4.05
1102885,1993,91.0,4.00
1102886,1993,57.0,1.46
1102887,1993,94.0,4.33
1102888,1993,53.0,2.18
1102889,1993,83.0,4.32
1102890,1993,72.0,1.55
1102891,1993,78.0,4.35
1102892,1993,66.0,2.15
1102893,1993,83.0,4.24
1102894,1993,56.0,2.05
1102895,1993,94.0,4.25
1102898,1993,65.0,1.47
1102899,1993,95.0,4.32
1102900,1993,58.0,2.00
1102901,1993,87.0,4.29
1102902,1993,63.0,1.53
1102903,1993,101.0,4.45
1102904,1993,56.0,2.05
1102905,1993,95.0,4.20
1102906,1993,82.0,3.45
1102908,1993,89.0,3.45
1102909,1993,79.0,4.12
1102910,1993,61.0,1.47
1102911,1993,86.0,4.36
1102912,1993,61.0,1.51
1102913,1993,84.0,4.40
1102914,1993,75.0,1.51
1102915,1993,82.0,4.37
1102916,1993,53.0,1.42
1102918,1993,66.0,2.21
1102919,1993,90.0,4.39
1102920,1993,84.0,3.45
1102921,1993,79.0,4.32
1102922,1993,57.0,2.19
1102923,1993,88.0,4.34
1102924,1993,57.0,1.43
1102925,1993,83.0,4.22
1102926,1993,81.0,3.47
1102927,1993,51.0,1.43
1102928,1993,85.0,4.50
1102930,1993,56.0,1.54
1102931,1993,94.0,4.30
1102932,1993,78.0,3.35
1102933,1993,93.0,4.20
1102934,1993,81.0,4.11
1102935,1993,61.0,1.58
1102936,1993,87.0,4.29
1102937,1993,52.0,1.45
1102939,1993,91.0,4.03
1102940,1993,82.0,4.15
1102941,1993,90.0,4.13
1102942,1993,74.0,4.17
1102943,1993,53.0,1.45
1102944,1993,94.0,4.45
1102945,1993,62.0,2.14
1102946,1993,86.0,4.31
1102947,1993,51.0,1.52
1102948,1993,87.0,4.19
1102950,1993,88.0,4.10
1102951,1993,64.0,1.46
1102952,1993,95.0,4.53
1102953,1993,85.0,4.02
1102954,1993,57.0,1.53
1102955,1993,92.0,4.42
1102956,1993,80.0,3.56
1102957,1993,59.0,1.58
1102958,1993,84.0,4.33
1102959,1993,89.0,3.50
1102961,1993,77.0,4.23
1102962,1993,52.0,2.15
1102963,1993,103.0,4.15
1102964,1993,44.0,1.48
1102965,1993,84.0,4.30
1102966,1993,81.0,3.38
1102967,1993,90.0,4.15
1102968,1993,64.0,2.05
1102969,1993,87.0,4.55
1102970,1993,56.0,1.44
1102972,1993,81.0,4.14
1102973,1993,79.0,2.09
1102974,1993,90.0,4.34
1102975,1993,78.0,4.07
1102976,1993,86.0,3.08
1102977,1993,81.0,4.07
1102978,1993,78.0,4.20
1102979,1993,53.0,1.54
1102980,1993,86.0,4.30
1102981,1993,56.0,1.49
1102983,1993,92.0,4.22
1102984,1993,49.0,1.53
1102985,1993,90.0,4.30
1102986,1993,55.0,2.05
1102987,1993,92.0,4.26
1102988,1993,66.0,2.13
1102989,1993,90.0,4.38
1102990,1993,50.0,1.46
1102991,1993,84.0,4.16
1102992,1993,55.0,1.58
1102994,1993,86.0,3.59
1102995,1993,92.0,4.26
1102996,1993,54.0,1.52
1102997,1993,93.0,4.38
1102998,1993,84.0,4.17
1102999,1993,51.0,1.41
1103000,1993,104.0,4.47
1103001,1993,54.0,1.48
1103002,1993,95.0,4.40
1103003,1993,88.0,4.13
1103005,1993,88.0,4.30
1103006,1993,87.0,3.50
1103007,1993,85.0,4.34
1103008,1993,78.0,4.08
1103009,1993,86.0,4.03
1103010,1993,52.0,2.01
1103011,1993,85.0,4.41
1103012,1993,65.0,2.13
1103013,1993,91.0,4.18
1103015,1993,97.0,4.22
1103016,1993,42.0,2.01
1103017,1993,99.0,3.38
1103018,1993,51.0,1.48
1103019,1993,83.0,4.27
1103020,1993,57.0,2.15
1103021,1993,83.0,4.32
1103022,1993,80.0,3.28
1103023,1993,63.0,1.51
1103024,1993,89.0,4.23
1103025,1993,82.0,4.13
1103028,1993,91.0,4.17
1103029,1993,68.0,2.08
1103030,1993,90.0,4.17
1103031,1993,89.0,4.07
1103032,1993,75.0,4.00
1103033,1993,84.0,3.56
1103034,1993,64.0,1.51
1103035,1993,88.0,4.28
1103036,1993,62.0,1.43
1103037,1993,81.0,4.38
1105837,1993,87.0,4.20
1105838,1993,60.0,1.47
1105839,1993,93.0,3.43
1105840,1993,84.0,4.01
1105841,1993,56.0,1.33
1105842,1993,89.0,4.22
1105843,1993,86.0,4.00
1105844,1993,87.0,3.56
1105845,1993,90.0,4.11
1105849,1993,76.0,3.47
1105850,1993,75.0,3.55
1105851,1993,80.0,3.30
1105852,1993,85.0,3.52
1105853,1993,83.0,4.20
1105854,1993,66.0,1.59
1105855,1993,85.0,4.38
1105856,1993,65.0,2.10
1105857,1993,87.0,4.46
1105858,1993,56.0,1.54
1105860,1993,85.0,4.00
1105861,1993,90.0,3.19
1105862,1993,87.0,4.31
1105863,1993,82.0,4.14
1105864,1993,64.0,2.15
1105865,1993,90.0,4.01
1105866,1993,52.0,1.58
1105867,1993,87.0,4.17
1105868,1993,63.0,1.42
1105869,1993,90.0,4.55
1105871,1993,85.0,4.12
1105872,1993,76.0,4.00
1105873,1993,96.0,3.30
1105874,1993,56.0,1.48
1105875,1993,77.0,4.20
1105876,1993,83.0,3.33
1105877,1993,89.0,4.36
1105878,1993,60.0,1.47
1105879,1993,87.0,4.28
1105880,1993,66.0,1.52
1105881,1993,86.0,3.58
1105883,1993,59.0,2.00
1105884,1993,88.0,4.28
1105885,1993,70.0,2.49
1105886,1993,81.0,4.30
1105887,1993,61.0,1.54
1105888,1993,86.0,4.33
1105889,1993,88.0,4.14
1105890,1993,85.0,4.34
1105891,1993,46.0,1.41
1105892,1993,89.0,4.50
1105894,1993,63.0,1.45
1105895,1993,95.0,2.39
1105896,1993,56.0,1.49
1105897,1993,81.0,4.40
1105898,1993,79.0,3.37
1105899,1993,81.0,3.54
1105900,1993,82.0,4.10
1105901,1993,54.0,2.05
1105902,1993,88.0,4.29
1105903,1993,77.0,2.05
1105904,1993,91.0,4.41
1105906,1993,62.0,2.05
1105907,1993,81.0,4.38
1105908,1993,69.0,2.20
1105909,1993,89.0,4.51
1105910,1993,87.0,3.57
1105912,1993,93.0,4.13
1105913,1993,63.0,2.20
1105914,1993,64.0,4.20
1105915,1993,122.0,3.57
1105917,1993,96.0,4.00
1105918,1993,65.0,2.05
1105919,1993,78.0,4.43
1105920,1993,86.0,3.42
1105921,1993,76.0,3.58
1105922,1993,61.0,2.29
1105923,1993,100.0,4.12
1105924,1993,84.0,3.58
1105925,1993,87.0,4.22
1105926,1993,47.0,1.40
1105932,1993,56.0,1.40
1105933,1993,90.0,4.18
1105934,1993,83.0,4.16
1105935,1993,51.0,1.54
1105936,1993,92.0,4.39
1105937,1993,56.0,1.43
1105938,1993,89.0,4.18
1105939,1993,64.0,1.46
1105940,1993,86.0,4.34
1105941,1993,72.0,3.42
1105942,1993,91.0,3.45
1105945,1993,95.0,4.26
1105946,1993,52.0,1.57
1105947,1993,83.0,4.14
1105948,1993,68.0,3.21
1105949,1993,71.0,2.21
1105950,1993,86.0,4.38
1105951,1993,78.0,3.41
1105952,1993,78.0,3.52
1105953,1993,86.0,4.12
1105954,1993,72.0,3.40
1105958,1993,89.0,4.23
1105959,1993,50.0,1.49
1105960,1993,93.0,4.32
1105961,1993,52.0,1.53
1105962,1993,97.0,4.40
1105963,1993,58.0,1.58
1105964,1993,95.0,4.31
1105965,1993,55.0,2.00
1105966,1993,94.0,4.29
1105968,1993,78.0,4.10
1105969,1993,80.0,4.12
1105970,1993,84.0,4.12
1105971,1993,57.0,1.58
1105972,1993,82.0,4.42
1105973,1993,85.0,3.34
1105974,1993,50.0,2.15
1105975,1993,85.0,4.21
1105976,1993,57.0,2.02
1105977,1993,93.0,4.25
1105979,1993,69.0,1.55
1105980,1993,92.0,4.00
1105981,1993,85.0,4.21
1105982,1993,89.0,4.19
1105983,1993,90.0,3.51
1105984,1993,87.0,4.35
1105985,1993,56.0,2.03
1105986,1993,94.0,4.16
1105987,1993,53.0,1.42
1105989,1993,95.0,4.38
1105990,1993,76.0,4.48
1105991,1993,92.0,3.45
1105992,1993,85.0,3.34
1105993,1993,89.0,4.27
1105994,1993,58.0,1.49
1105995,1993,83.0,4.35
1105996,1993,84.0,3.44
1105997,1993,77.0,4.12
1105999,1993,65.0,2.00
1106000,1993,89.0,4.33
1106001,1993,60.0,1.54
1106002,1993,84.0,4.34
1106003,1993,62.0,1.56
1106004,1993,94.0,4.47
1106005,1993,82.0,3.41
1106006,1993,80.0,4.37
1106007,1993,51.0,2.00
1106008,1993,98.0,4.28
1106010,1993,92.0,4.30
1106011,1993,53.0,2.02
1106012,1993,97.0,4.30
1106013,1993,50.0,1.40
1106014,1993,88.0,4.43
1106015,1993,66.0,1.46
1106016,1993,87.0,4.34
1106017,1993,61.0,1.53
1106018,1993,81.0,4.10
1106019,1993,86.0,3.38
1106021,1993,83.0,4.11
1106022,1993,55.0,1.50
1106023,1993,89.0,4.20
1106024,1993,62.0,1.41
1106025,1993,92.0,4.38
1106026,1993,49.0,1.42
1106027,1993,91.0,4.27
1106028,1993,56.0,2.00
1106029,1993,87.0,4.26
1106030,1993,56.0,1.53
1106031,1993,93.0,4.16
1106033,1993,61.0,1.56
1106034,1993,99.0,4.25
1106035,1993,59.0,1.50
1106036,1993,87.0,4.30
1106037,1993,51.0,1.46
1106038,1993,89.0,4.59
1106039,1993,60.0,1.51
1106040,1993,83.0,4.32
1106041,1993,73.0,3.35
1106042,1993,92.0,4.16
1106044,1993,73.0,2.03
1106045,1993,81.0,4.30
1106046,1993,76.0,3.06
1106047,1993,76.0,2.49
1106048,1993,87.0,4.28
1106049,1993,84.0,4.03
1106050,1993,89.0,4.13
1106051,1993,94.0,4.11
1106053,1993,77.0,3.58
1106054,1993,85.0,3.47
1106055,1993,93.0,4.13
1106056,1993,74.0,3.50
1106057,1993,53.0,1.41
1106058,1993,90.0,4.37
1106059,1993,56.0,1.42
1106060,1993,97.0,4.28
1106061,1993,75.0,3.45
1106064,1993,91.0,4.41
1106065,1993,58.0,1.45
1106066,1993,101.0,4.29
1106067,1993,78.0,4.16
1106068,1993,82.0,4.10
1106069,1993,86.0,4.00
1106070,1993,75.0,3.51
1106071,1993,79.0,3.50
1106072,1993,77.0,3.49
1106074,1993,55.0,2.10
1106075,1993,106.0,4.40
1106076,1993,52.0,1.40
1106077,1993,93.0,4.10
1106078,1993,82.0,4.11
1106079,1993,89.0,3.58
1106080,1993,86.0,4.04
1106081,1993,86.0,4.21
1106082,1993,51.0,1.39
1106088,1993,83.0,4.34
1106089,1993,65.0,1.45
1106090,1993,82.0,4.28
1106091,1993,53.0,1.57
1106092,1993,86.0,4.30
1106093,1993,65.0,2.12
1106094,1993,94.0,4.10
1106095,1993,78.0,4.13
1106096,1993,93.0,4.31
1106099,1993,85.0,4.24
1106100,1993,69.0,1.54
1106101,1993,87.0,4.34
1106102,1993,64.0,1.44
1106103,1993,88.0,4.40
1106104,1993,54.0,2.03
1106105,1993,88.0,4.31
1106106,1993,72.0,1.50
1106107,1993,83.0,4.31
1106108,1993,80.0,3.42
1106110,1993,56.0,1.48
1106111,1993,80.0,4.46
1106112,1993,77.0,4.10
1106113,1993,85.0,4.23
1106114,1993,83.0,4.05
1106115,1993,89.0,4.14
1106116,1993,66.0,2.55
1106117,1993,95.0,4.33
1106118,1993,57.0,1.49
1106122,1993,94.0,4.22
1106123,1993,62.0,1.46
1106124,1993,83.0,4.36
1106125,1993,70.0,1.46
1106126,1993,92.0,4.30
1106127,1993,58.0,1.48
1106128,1993,86.0,4.24
1106129,1993,77.0,3.52
1106130,1993,59.0,1.47
1106131,1993,87.0,4.36
1106133,1993,56.0,1.51
1106134,1993,96.0,4.39
1106135,1993,59.0,1.50
1106136,1993,83.0,4.39
1106137,1993,53.0,1.53
1106138,1993,100.0,4.16
1106139,1993,46.0,1.32
1106140,1993,91.0,4.26
1106141,1993,81.0,3.45
1106144,1993,62.0,2.40
1106145,1993,87.0,4.20
1106146,1993,53.0,1.58
1106147,1993,87.0,4.41
1106148,1993,51.0,1.52
1106149,1993,95.0,4.32
1106150,1993,81.0,4.37
1106151,1993,60.0,2.22
1106152,1993,88.0,4.34
1106153,1993,84.0,4.01
1106154,1993,75.0,4.20
1106158,1993,52.0,1.42
1106159,1993,84.0,4.30
1106160,1993,93.0,3.45
1106161,1993,80.0,4.16
1106162,1993,77.0,3.54
1106163,1993,82.0,3.35
1106164,1993,78.0,4.15
1106165,1993,64.0,2.03
1106166,1993,86.0,4.35
1106169,1993,88.0,4.36
1106170,1993,48.0,1.48
1106171,1993,99.0,4.27
1106172,1993,50.0,1.45
1106174,1993,60.0,2.15
1106175,1993,86.0,4.36
1106176,1993,88.0,4.03
1106180,1993,71.0,2.05
1106181,1993,80.0,4.43
1106182,1993,73.0,2.02
1106183,1993,81.0,4.28
1106185,1993,101.0,4.44
1106186,1993,57.0,1.39
1106187,1993,82.0,4.14
1106188,1993,82.0,3.43
1106189,1993,87.0,3.45
1106190,1993,165.0,4.28
1108497,1993,85.0,4.19
1108498,1993,64.0,2.04
1108499,1993,83.0,4.45
1108500,1993,85.0,4.00
1108501,1993,80.0,3.52
1108502,1993,76.0,4.23
1108503,1993,87.0,3.58
1108504,1993,77.0,4.09
1108507,1993,76.0,4.10
1108508,1993,79.0,4.00
1108509,1993,60.0,1.52
1108510,1993,98.0,4.33
1108511,1993,54.0,1.40
1108512,1993,86.0,4.26
1108513,1993,79.0,4.03
1108514,1993,86.0,4.31
1108515,1993,79.0,3.58
1108516,1993,52.0,4.07
1108518,1993,50.0,1.49
1108519,1993,86.0,4.20
1108520,1993,55.0,1.51
1108521,1993,90.0,4.36
1108522,1993,56.0,2.09
1108523,1993,95.0,4.27
1108524,1993,75.0,3.47
1108525,1993,53.0,1.40
1108526,1993,84.0,4.28
1108528,1993,85.0,4.42
1108529,1993,53.0,1.40
1108530,1993,82.0,4.36
1108531,1993,84.0,4.17
1108532,1993,57.0,1.50
1108533,1993,83.0,4.47
1108534,1993,53.0,2.15
1108535,1993,90.0,4.19
1108536,1993,64.0,1.55
1108541,1993,72.0,4.15
1108542,1993,78.0,4.00
1108543,1993,57.0,2.17
1108544,1993,93.0,4.42
1108545,1993,56.0,1.49
1108546,1993,90.0,4.32
1108547,1993,58.0,2.09
1108552,1993,52.0,1.48
1108553,1993,90.0,4.44
1108554,1993,63.0,1.55
1108555,1993,96.0,3.48
1108556,1993,52.0,1.48
1108557,1993,82.0,4.12
1108558,1993,51.0,2.12
1108560,1993,68.0,2.12
1108561,1993,93.0,4.12
1108562,1993,54.0,2.03
1108564,1993,52.0,2.07
1108565,1993,85.0,4.32
1108566,1993,62.0,1.58
1108568,1993,86.0,4.30
1108569,1993,60.0,1.57
1108570,1993,89.0,4.42
1108571,1993,56.0,1.40
1108572,1993,92.0,4.13
1108573,1993,77.0,2.31
1108574,1993,93.0,4.26
1108576,1993,85.0,4.15
1108577,1993,60.0,2.09
1108578,1993,87.0,4.31
1108579,1993,60.0,1.47
1108580,1993,84.0,4.32
1108581,1993,52.0,1.57
1108582,1993,86.0,4.42
1108583,1993,57.0,2.07
1108584,1993,87.0,4.34
1108586,1993,75.0,3.47
1108587,1993,89.0,4.01
1108588,1993,99.0,4.12
1108589,1993,77.0,4.14
1108590,1993,80.0,4.10
1108591,1993,55.0,1.52
1108593,1993,90.0,4.52
1108594,1993,81.0,4.01
1108595,1993,54.0,1.47
1108596,1993,94.0,4.41
1108597,1993,53.0,1.55
1108598,1993,106.0,4.41
1108599,1993,77.0,4.19
1108606,1993,60.0,1.59
1108607,1993,101.0,4.54
1108608,1993,53.0,1.54
1108609,1993,85.0,4.36
1108610,1993,68.0,3.17
1108611,1993,66.0,1.42
1108612,1993,82.0,4.23
1108615,1993,52.0,1.45
1108616,1993,93.0,4.25
1108617,1993,57.0,1.52
1108618,1993,99.0,4.30
1108619,1993,59.0,1.50
1108620,1993,96.0,4.30
1108621,1993,56.0,1.50
1108622,1993,96.0,4.39
1108625,1993,65.0,1.50
1108626,1993,89.0,4.34
1108627,1993,60.0,1.57
1108628,1993,92.0,4.25
1108629,1993,63.0,1.47
1108630,1993,94.0,4.45
1108631,1993,56.0,1.56
1108633,1993,61.0,1.50
1108634,1993,91.0,4.47
1108635,1993,74.0,3.53
1108636,1993,91.0,3.58
1108637,1993,74.0,4.04
1108638,1993,65.0,2.02
1108640,1993,88.0,4.30
1108641,1993,61.0,2.20
1108642,1993,94.0,4.25
1108643,1993,55.0,1.56
1108644,1993,80.0,4.36
1108645,1993,58.0,2.23
1108646,1993,83.0,4.15
1108649,1993,52.0,1.43
1108650,1993,84.0,4.17
1108651,1993,52.0,1.55
1108652,1993,97.0,4.29
1108653,1993,77.0,3.38
1108654,1993,61.0,1.56
1108656,1993,54.0,1.45
1108657,1993,82.0,4.30
1108658,1993,63.0,3.14
1108659,1993,90.0,4.23
1108660,1993,71.0,3.21
1108661,1993,84.0,4.08
1108662,1993,70.0,1.40
1108663,1993,87.0,4.43
1108664,1993,85.0,4.05
1108666,1993,60.0,1.45
1108667,1993,82.0,4.51
1108668,1993,83.0,3.47
1108669,1993,79.0,3.59
1108670,1993,85.0,4.06
1108671,1993,82.0,4.03
1108674,1993,80.0,3.45
1108675,1993,82.0,3.46
1108676,1993,87.0,4.27
1108677,1993,80.0,3.48
1108678,1993,161.0,4.09
1108679,1993,83.0,4.13
1108682,1993,95.0,4.00
1108683,1993,51.0,1.52
1108684,1993,82.0,4.42
1108685,1993,59.0,2.08
1108686,1993,82.0,4.15
1108687,1993,90.0,3.44
1108688,1993,68.0,4.10
1108689,1993,74.0,3.20
1108692,1993,101.0,4.19
1108693,1993,48.0,2.06
1108694,1993,94.0,4.26
1108695,1993,51.0,1.51
1108696,1993,81.0,4.12
1108697,1993,64.0,2.35
1108698,1993,88.0,3.48
1108701,1993,57.0,1.56
1108702,1993,90.0,4.49
1108703,1993,82.0,3.42
1108704,1993,80.0,4.12
1108705,1993,84.0,4.15
1108706,1993,79.0,4.10
1108707,1993,198.0,1.43
1108710,1993,90.0,4.25
1108711,1993,56.0,1.40
1108712,1993,89.0,4.20
1108713,1993,50.0,1.50
1108714,1993,83.0,4.33
1108715,1993,83.0,3.30
1108717,1993,63.0,1.28
1108718,1993,79.0,4.34
1108719,1993,61.0,1.56
1108720,1993,92.0,4.31
1108721,1993,72.0,3.54
1108722,1993,53.0,1.45
1108723,1993,103.0,4.40
1108725,1993,78.0,3.54
1108726,1993,73.0,1.48
1108727,1993,80.0,4.22
1108728,1993,66.0,1.52
1108729,1993,78.0,4.42
1108730,1993,52.0,2.02
1108731,1993,96.0,4.45
1108735,1993,59.0,1.59
1108736,1993,96.0,4.22
1108737,1993,63.0,1.47
1108738,1993,80.0,4.30
1108739,1993,86.0,4.01
1108740,1993,76.0,4.11
1108741,1993,77.0,1.48
1108744,1993,92.0,4.07
1108745,1993,49.0,1.56
1108746,1993,87.0,4.19
1108747,1993,88.0,3.45
1108748,1993,49.0,1.50
1108749,1993,87.0,4.48
1108750,1993,51.0,1.53
1108753,1993,64.0,1.39
1108754,1993,81.0,4.33
1108755,1993,80.0,3.35
1108756,1993,55.0,1.43
1108757,1993,98.0,4.23
1108758,1993,53.0,1.48
1108760,1993,93.0,4.30
1108761,1993,51.0,1.58
1108762,1993,103.0,4.29
1108763,1993,51.0,1.45
1108764,1993,84.0,4.34
1108765,1993,68.0,2.12
1108766,1993,109.0,4.41
1108767,1993,77.0,4.17
1109792,1993,86.0,4.40
1109793,1993,77.0,4.16
1109794,1993,84.0,3.50
1109795,1993,73.0,4.09
1109796,1993,97.0,4.36
1109797,1993,49.0,1.40
1109798,1993,88.0,4.57
1109801,1993,66.0,2.18
1109802,1993,81.0,4.22
1109803,1993,59.0,1.45
1109804,1993,88.0,4.39
1109805,1993,54.0,1.57
1109806,1993,90.0,4.06
1109807,1993,59.0,1.59
1109808,1993,88.0,4.39
1109814,1993,78.0,4.33
1109815,1993,72.0,3.29
1109816,1993,81.0,4.09
1109818,1993,108.0,4.51
1109820,1993,47.0,2.20
1109821,1993,91.0,4.23
1109823,1993,51.0,1.46
1109824,1993,88.0,4.41
1109825,1993,60.0,1.52
1109826,1993,85.0,4.27
1109827,1993,57.0,2.00
1109829,1993,75.0,4.00
1109831,1993,90.0,4.40
1109832,1993,50.0,1.48
1109833,1993,84.0,4.37
1109834,1993,73.0,2.25
1109835,1993,55.0,1.44
1109838,1993,90.0,4.28
1109839,1993,75.0,4.06
1109840,1993,81.0,3.20
1109841,1993,65.0,2.12
1109842,1993,83.0,4.29
1109843,1993,86.0,3.45
1109845,1993,92.0,4.12
1109846,1993,73.0,4.15
1109847,1993,65.0,1.42
1109848,1993,86.0,4.20
1109849,1993,75.0,3.58
1109852,1993,87.0,4.37
1109853,1993,51.0,1.34
1109854,1993,89.0,4.15
1109855,1993,56.0,1.41
1109856,1993,95.0,4.31
1109857,1993,55.0,1.52
1109858,1993,85.0,4.20
1109861,1993,82.0,2.02
1109862,1993,56.0,1.50
1109863,1993,90.0,4.09
1109864,1993,53.0,1.54
1109865,1993,82.0,4.30
1109866,1993,65.0,2.13
1109867,1993,90.0,4.21
1109869,1993,52.0,1.42
1109870,1993,87.0,4.23
1109871,1993,50.0,1.45
1109872,1993,88.0,4.05
1109873,1993,56.0,1.49
1109874,1993,93.0,4.20
1109877,1993,95.0,3.27
1109878,1993,61.0,1.41
1109879,1993,82.0,4.45
1109880,1993,56.0,1.35
1109881,1993,100.0,4.22
1109882,1993,65.0,1.43
1109884,1993,95.0,4.27
1109885,1993,57.0,2.00
1109886,1993,83.0,4.17
1109887,1993,55.0,1.57
1109888,1993,95.0,4.25
1109890,1993,90.0,3.46
1109891,1993,54.0,1.44
1109892,1993,87.0,4.24
1109893,1993,92.0,4.20
1109894,1993,88.0,4.20
1109895,1993,85.0,4.05
1109896,1993,58.0,1.54
1109899,1993,79.0,4.00
1109900,1993,81.0,3.47
1109901,1993,80.0,4.02
1109902,1993,54.0,2.01
1109903,1993,97.0,4.39
1109904,1993,58.0,2.26
1109906,1993,83.0,3.30
1109907,1993,80.0,3.55
1109908,1993,86.0,4.07
1109909,1993,81.0,3.45
1109910,1993,70.0,2.15
1109911,1993,87.0,4.36
1109913,1993,78.0,3.42
1109914,1993,87.0,4.05
1109915,1993,81.0,3.48
1109916,1993,64.0,1.57
1109917,1993,87.0,4.39
1109918,1993,59.0,1.46
1109919,1993,93.0,4.21
1109921,1993,79.0,4.26
1109922,1993,51.0,1.41
1109923,1993,90.0,4.12
1109924,1993,61.0,1.49
1109925,1993,81.0,4.20
1109926,1993,62.0,1.37
1109927,1993,77.0,4.23
1109930,1993,82.0,2.02
1109931,1993,58.0,2.05
1109932,1993,80.0,3.44
1109933,1993,65.0,1.49
1109934,1993,79.0,4.23
1109935,1993,74.0,3.30
1109937,1993,53.0,1.46
1109938,1993,87.0,4.20
1109939,1993,65.0,1.49
1109940,1993,79.0,4.24
1109941,1993,57.0,1.42
1109942,1993,88.0,4.08
1109944,1993,50.0,3.01
1109945,1993,86.0,4.20
1109946,1993,58.0,1.46
1109947,1993,88.0,4.20
1109948,1993,59.0,1.35
1109949,1993,89.0,4.31
1109951,1993,57.0,2.03
1109952,1993,88.0,4.29
1109953,1993,64.0,1.47
1109954,1993,88.0,4.30
1109955,1993,89.0,4.03
1109956,1993,81.0,4.01
1109958,1993,89.0,4.30
1109959,1993,58.0,1.40
1109960,1993,96.0,4.10
1109962,1993,79.0,4.29
1109963,1993,82.0,3.31
1109965,1993,87.0,4.25
1109966,1993,56.0,1.45
1109967,1993,85.0,4.47
1109968,1993,74.0,1.40
1109969,1993,86.0,4.40
1109970,1993,56.0,1.45
1109973,1993,79.0,4.26
1109974,1993,82.0,3.39
1109975,1993,59.0,2.11
1109976,1993,91.0,4.20
1109977,1993,66.0,1.41
1109978,1993,88.0,4.39
1109980,1993,99.0,3.18
1109981,1993,51.0,1.42
1109982,1993,81.0,4.36
1109983,1993,93.0,3.30
1109984,1993,77.0,4.30
1109985,1993,61.0,1.50
1109988,1993,55.0,1.55
1109989,1993,77.0,4.23
1109990,1993,80.0,3.43
1109991,1993,52.0,2.29
1109992,1993,100.0,4.30
1109993,1993,54.0,1.48
1109995,1993,99.0,4.29
1109996,1993,65.0,1.49
1109997,1993,85.0,4.23
1109998,1993,46.0,1.47
1109999,1993,99.0,4.24
1110000,1993,55.0,1.59
1110002,1993,89.0,4.25
1110003,1993,71.0,3.54
1110004,1993,92.0,4.23
1110005,1993,51.0,1.42
1110006,1993,94.0,4.44
1110009,1993,51.0,2.00
1110010,1993,89.0,4.37
1110011,1993,62.0,1.52
1110012,1993,81.0,4.52
1110013,1993,62.0,1.49
1110014,1993,95.0,4.31
1110017,1993,54.0,1.59
1110018,1993,83.0,4.30
1110019,1993,81.0,3.09
1110020,1993,85.0,4.09
1110021,1993,78.0,4.05
1110022,1993,59.0,1.58
1110023,1993,77.0,4.19
1110026,1993,57.0,2.09
1110027,1993,91.0,4.34
1110028,1993,78.0,3.59
1110029,1993,76.0,4.11
1110030,1993,84.0,3.52
1110748,1993,52.0,1.39
1110749,1993,95.0,4.45
1110750,1993,52.0,2.01
1110751,1993,80.0,4.43
1110752,1993,58.0,2.00
1110753,1993,98.0,4.28
1110755,1993,61.0,1.35
1110756,1993,87.0,4.49
1110758,1993,87.0,4.20
1110759,1993,70.0,2.20
1110761,1993,94.0,4.39
1110762,1993,54.0,1.40
1110763,1993,91.0,4.39
1110764,1993,56.0,1.44
1110765,1993,92.0,4.54
1110766,1993,59.0,1.46
1110768,1993,60.0,4.00
1110769,1993,77.0,4.19
1110770,1993,79.0,3.55
1110771,1993,93.0,4.04
1110772,1993,70.0,4.07
1110773,1993,86.0,3.49
1110775,1993,66.0,2.00
1110777,1993,70.0,1.57
1110778,1993,89.0,4.55
1110779,1993,53.0,1.51
1110781,1993,61.0,1.37
1110782,1993,90.0,4.44
1110783,1993,52.0,1.47
1110784,1993,90.0,4.42
1110785,1993,61.0,2.13
1110786,1993,89.0,3.56
1110788,1993,64.0,2.02
1110789,1993,77.0,4.45
1110790,1993,66.0,1.59
1110791,1993,81.0,4.38
1110792,1993,79.0,3.48
1110793,1993,77.0,4.23
1110797,1993,65.0,1.56
1110798,1993,87.0,4.21
1110799,1993,88.0,4.23
1110800,1993,49.0,1.52
1110802,1993,59.0,2.01
1110803,1993,85.0,4.14
1110804,1993,59.0,1.53
1110805,1993,85.0,4.15
1110806,1993,77.0,3.45
1110807,1993,85.0,3.52
1110811,1993,85.0,4.41
1110812,1993,55.0,1.38
1110813,1993,90.0,4.34
1110814,1993,64.0,1.54
1110817,1993,50.0,1.49
1110819,1993,45.0,2.00
1110820,1993,98.0,4.38
1110821,1993,63.0,2.05
1110823,1993,90.0,4.34
1110824,1993,57.0,1.57
1110825,1993,86.0,4.20
1110826,1993,55.0,2.08
1110828,1993,80.0,4.52
1110829,1993,86.0,3.10
1110830,1993,56.0,2.27
1110831,1993,92.0,4.18
1110832,1993,60.0,1.56
1110834,1993,90.0,4.30
1110835,1993,58.0,2.30
1110836,1993,79.0,4.21
1110837,1993,58.0,1.54
1110838,1993,82.0,3.35
1110841,1993,63.0,2.01
1110842,1993,92.0,4.28
1110843,1993,77.0,4.17
1110847,1993,87.0,4.35
1110848,1993,51.0,1.54
1110849,1993,93.0,4.37
1110850,1993,68.0,1.53
1110852,1993,77.0,4.20
1110853,1993,77.0,3.41
1110854,1993,60.0,2.06
1110855,1993,93.0,4.34
1110856,1993,53.0,2.01
1110860,1993,78.0,2.06
1110861,1993,146.0,4.29
1110872,1993,59.0,1.23
1110873,1993,77.0,4.00
1110874,1993,90.0,3.55
1110875,1993,82.0,4.15
1110877,1993,83.0,4.09
1110878,1993,49.0,1.58
1110879,1993,95.0,5.02
1110880,1993,55.0,1.45
1110885,1993,80.0,4.03
1110886,1993,91.0,4.10
1110887,1993,76.0,2.19
1110888,1993,65.0,2.00
1110890,1993,80.0,4.00
1110892,1993,84.0,4.41
1110893,1993,74.0,3.42
1110894,1993,84.0,4.02
1110896,1993,56.0,1.56
1110897,1993,78.0,4.40
1110898,1993,67.0,1.57
1110899,1993,85.0,4.29
1110900,1993,62.0,2.06
1110901,1993,83.0,4.03
1110905,1993,84.0,4.00
1110906,1993,59.0,1.35
1110907,1993,89.0,4.40
1110908,1993,58.0,1.46
1110909,1993,85.0,4.52
1110910,1993,65.0,2.36
1110912,1993,60.0,1.56
1110913,1993,84.0,4.48
1110914,1993,62.0,2.04
1110915,1993,77.0,4.10
1110916,1993,78.0,4.07
1110917,1993,77.0,4.11
1110919,1993,83.0,4.23
1110920,1993,82.0,4.18
1110921,1993,54.0,2.09
1110922,1993,80.0,4.38
1110923,1993,76.0,3.38
1110924,1993,82.0,3.51
1110925,1993,57.0,2.08
1110928,1993,58.0,1.54
1110929,1993,87.0,4.30
1110930,1993,75.0,4.09
1110931,1993,92.0,3.55
1110932,1993,74.0,3.33
1110934,1993,61.0,4.11
1110935,1993,60.0,2.05
1110936,1993,87.0,5.00
1110937,1993,54.0,1.46
1110938,1993,91.0,4.24
1110939,1993,68.0,1.57
1110943,1993,53.0,1.49
1110944,1993,82.0,4.32
1110945,1993,85.0,2.05
1110946,1993,76.0,4.22
1110947,1993,60.0,1.53
1110949,1993,54.0,1.53
1110950,1993,93.0,4.16
1110951,1993,55.0,1.58
1110952,1993,98.0,4.32
1110953,1993,67.0,1.59
1110954,1993,86.0,5.01
1110958,1993,82.0,3.03
1110959,1993,95.0,4.03
1110960,1993,81.0,4.06
1110961,1993,58.0,2.02
1110962,1993,101.0,4.32
1110963,1993,66.0,3.42
1110965,1993,53.0,2.13
1110966,1993,86.0,4.38
1110967,1993,61.0,1.55
1110968,1993,93.0,4.45
1110969,1993,84.0,3.59
1110971,1993,93.0,4.10
1110972,1993,52.0,1.59
1110973,1993,88.0,4.34
1110974,1993,51.0,2.01
1110975,1993,93.0,4.40
1110976,1993,82.0,4.02
1110977,1993,82.0,3.48
1110979,1993,83.0,4.42
1110980,1993,63.0,1.50
1110982,1993,87.0,3.45
1110983,1993,84.0,4.28
1110985,1993,82.0,4.00
1110986,1993,73.0,4.03
1110987,1993,91.0,4.12
1110988,1993,64.0,2.28
1110989,1993,92.0,4.41
1110991,1993,81.0,4.14
1110992,1993,80.0,3.54
1110993,1993,72.0,3.45
1110994,1993,70.0,3.27
1110995,1993,76.0,2.50
1110996,1993,86.0,4.24
1110999,1993,72.0,2.33
1111001,1993,86.0,3.51
1111002,1993,89.0,3.56
1111003,1993,49.0,1.55
1111004,1993,82.0,4.33
1111005,1993,60.0,1.59
1111016,1993,54.0,1.52
1111017,1993,89.0,4.42
1111018,1993,61.0,2.01
1111019,1993,88.0,4.48
1111020,1993,57.0,1.50
1111021,1993,86.0,4.42
1111037,1993,82.0,4.01
1111038,1993,85.0,3.50
1111039,1993,56.0,1.59
1111040,1993,92.0,4.30
1111041,1993,50.0,1.43
1111042,1993,86.0,4.33
1111043,1993,49.0,1.43
1111044,1993,89.0,4.28
718070,2007,88.0,3.57
718264,2007,86.0,3.51
719234,2007,94.0,3.2
718449,2007,91.0,3.43
717282,2007,92.0,4.02
717900,2007,12.0,4.03
718313,2007,97.0,3.58
717105,2007,85.0,3.53
717874,2007,84.0,3.57
718741,2007,88.0,4.19
716957,2007,72.0,4.04
718986,2007,49.0,2.0
717928,2007,91.0,4.13
718008,2007,85.0,4.26
717905,2007,105.0,3.39
718354,2007,90.0,3.59
719099,2007,13.0,3.27
718746,2007,20.0,4.13
718963,2007,96.0,3.29
719049,2007,78.0,3.25
717933,2007,94.0,3.47
649313,2007,27.0,4.1
649315,2007,87.0,3.56
649318,2007,86.0,3.56
717159,2007,89.0,4.03
649319,2008,96.0,4.0
649322,2008,93.0,3.56
649330,2008,89.0,4.1
649338,2008,93.0,3.41
649349,2008,91.0,3.57
649350,2008,12.0,4.06
649365,2008,84.0,3.57
649366,2008,93.0,3.58
649367,2008,91.0,4.03
649368,2008,95.0,4.07
649369,2008,90.0,4.12
649370,2008,96.0,4.03
649392,2008,78.0,3.54
649453,2008,88.0,3.3
649499,2008,92.0,4.11
649500,2008,93.0,4.03
649538,2008,91.0,4.0
649867,2008,90.0,3.46
650039,2008,93.0,3.53
650060,2008,79.0,3.46
650091,2008,152.0,4.0
650094,2008,102.0,4.01
650095,2008,92.0,4.22
650096,2008,91.0,3.53
650097,2008,92.0,3.48
650098,2008,93.0,4.07
650099,2008,92.0,4.08
650100,2008,95.0,4.16
650103,2008,90.0,3.45
650104,2008,112.0,4.07
650105,2008,86.0,4.08
650106,2008,93.0,3.59
650107,2008,96.0,4.04
650108,2008,97.0,4.26
650109,2008,99.0,3.58
650112,2008,92.0,4.06
650113,2008,87.0,3.23
650138,2008,88.0,3.52
650145,2008,99.0,4.13
650176,2008,85.0,4.15
650240,2008,97.0,3.45
650241,2008,100.0,4.18
650275,2008,91.0,3.4
650323,2008,93.0,3.57
650324,2008,97.0,3.48
650398,2008,17.0,4.0
650400,2008,20.0,3.49
650401,2008,15.0,4.25
650402,2008,18.0,3.5
650604,2008,88.0,4.23
650674,2008,76.0,3.56
650691,2008,100.0,3.52
650754,2008,93.0,4.5
650769,2008,64.0,4.04
650801,2008,97.0,3.3
650868,2008,92.0,3.4
650884,2008,92.0,3.42
651011,2008,13.0,3.58
651067,2008,93.0,4.11
651092,2008,77.0,4.02
651112,2008,82.0,4.02
651151,2008,95.0,3.18
651274,2008,85.0,3.09
651293,2008,90.0,4.01
651488,2008,89.0,3.5
651588,2008,89.0,4.21
7871,2009,57.0,2.0
79027,2011,92.0,3.35
79549,2011,105.0,4.31
79741,2011,18.0,3.57
79780,2011,85.0,3.48
80594,2011,82.0,4.1
80596,2011,63.0,2.11
81205,2011,92.0,3.58
81363,2011,99.0,3.43
81469,2011,93.0,2.17
81470,2011,84.0,4.03
82169,2011,84.0,3.58
82218,2011,98.0,4.08
82720,2011,92.0,4.16
82804,2011,21.0,4.06
84276,2011,100.0,3.55
84403,2011,102.0,4.27
84406,2011,98.0,4.07
84654,2011,106.0,4.29
76299,2012,90.0,4.01
78004,2012,79.0,4.04
78130,2012,18.0,3.52
613452,2013,103.0,4.28
726312,2014,91.0,3.45
729820,2014,93.0,3.48
729842,2014,82.0,3.1
730927,2014,67.0,2.25
730930,2014,108.0,4.25
746331,2014,96.0,3.2
746332,2014,105.0,3.0
747034,2014,79.0,3.15
751411,2014,85.0,3.2
764546,2015,95.0,3.35
766092,2015,108.0,3.44
766101,2015,91.0,3.29
766103,2015,88.0,3.42
766745,2015,91.0,3.34
766748,2015,96.0,3.3
766894,2015,90.0,4.0
806204,2015,80.0,3.25
807335,2015,65.0,1.45
807451,2015,100.0,4.0
807715,2015,100.0,3.5
807733,2015,94.0,3.3
807827,2015,99.0,3.5
807876,2015,89.0,3.3
807960,2015,158.0,2.0
807985,2015,89.0,3.5
808102,2015,94.0,3.0
808138,2015,86.0,3.75
808255,2015,89.0,3.41
808482,2015,89.0,3.3
808571,2015,102.0,3.25
808572,2015,95.0,3.25
808594,2015,86.0,3.75
808595,2015,93.0,3.45
808609,2015,96.0,3.5
808740,2015,101.0,3.75
808964,2015,190.0,3.3
810146,2016,93.0,3.75
810157,2016,92.0,3.75
810158,2016,101.0,3.75
810869,2016,90.0,4.0
811048,2016,97.0,3.3
811151,2016,104.0,3.3
811152,2016,84.0,4.0
811339,2016,98.0,4.0
811636,2016,69.0,2.0
811639,2016,92.0,4.0
811644,2016,102.0,3.45
811786,2016,88.0,3.75
811968,2016,90.0,3.5
811976,2016,94.0,3.45
812088,2016,86.0,4.4
812112,2016,92.0,3.25
812125,2016,87.0,3.75
812455,2016,99.0,3.45
812461,2016,86.0,3.45
812790,2016,93.0,3.75
813386,2016,97.0,3.3
813489,2016,88.0,3.4
813727,2016,93.0,4.0
813732,2016,104.0,4.0
813828,2016,98.0,3.75
813855,2016,82.0,3.36
820269,2016,87.0,2.3
822027,2016,94.0,3.35
822180,2016,96.0,4.0
822468,2016,92.0,4.0
826148,2016,101.0,3.0
840935,2016,97.0,3.5
844260,2016,98.0,3.39
844318,2016,71.0,2.5
847012,2016,95.0,3.33
847022,2016,92.0,3.38
849266,2016,95.0,4.15
849272,2016,92.0,3.44
849283,2016,104.0,4.11
860106,2016,97.0,3.22
864799,2016,89.0,3.37
864895,2016,102.0,4.6
885131,2016,98.0,3.3
886458,2016,99.0,4.25
886923,2016,93.0,4.0
887508,2016,63.0,1.75
887510,2016,106.0,4.0
887516,2016,100.0,2.46
887542,2016,87.0,3.25
888673,2016,86.0,3.0
889340,2016,83.0,3.3
889437,2016,85.0,4.0
889747,2016,91.0,3.0
890423,2017,99.0,3.16
891476,2017,65.0,2.1
892683,2017,86.0,3.25
892725,2017,90.0,3.34
895418,2017,100.0,3.0
895467,2017,90.0,3.1
896810,2017,99.0,3.47
896840,2017,69.0,2.0
896977,2017,97.0,3.35
896982,2017,92.0,3.0
897072,2017,99.0,3.15
897518,2017,98.0,3.22
897519,2017,112.0,3.21
898139,2017,97.0,3.31
898713,2017,94.0,3.24
899390,2017,98.0,3.23
899393,2017,125.0,3.31
899900,2017,97.0,4.0
899905,2017,96.0,3.1
900436,2017,97.0,4.15
900542,2017,76.0,2.3
901512,2017,89.0,3.4
901518,2017,89.0,3.5
903715,2017,78.0,2.0
904101,2017,101.0,3.53
904108,2017,85.0,3.59
905072,2017,93.0,3.59
905081,2017,99.0,4.9
905898,2017,87.0,3.41
908684,2017,101.0,4.13
911579,2017,92.0,4.3
926478,2017,99.0,4.0
933623,2017,93.0,3.0
936795,2017,88.0,3.0
991379,2017,65.0,1.57
991500,2017,77.0,1.41
1004489,2017,92.0,4.16
1004757,2017,59.0,1.57
1009055,2017,97.0,4.0
1012526,2018,95.0,3.2
1012874,2018,85.0,2.45
1029116,2018,69.0,2.13
1033997,2018,117.0,4.0
1048428,2018,97.0,3.2
1051723,2018,71.0,1.57
1051737,2018,68.0,1.47
1059475,2018,107.0,4.35
1059897,2018,87.0,3.12
1070175,2019,91.0,344.0
1076724,2019,99.0,4.15
1077044,2019,87.0,3.43
1078741,2019,87.0,3.46
1087584,2019,89.0,4.0
